model,att,se_att,t,df,p_value,stars,type,area,aqs_id_full,week,month,spec
cbsa1,-1.2186676140596577,0.0034054370135872558,-357.8593904974107,6257,0,***,overall,NA,NA,NA,NA,1
cbsa1,-1.2131593235344553,0.0060662947899638945,-199.98357573085823,1936,0,***,per_area,cbsa,NA,NA,NA,1
cbsa1,-1.2257316726517762,0.009062782622148973,-135.24893222707905,893,0,***,per_area,crz,NA,NA,NA,1
cbsa1,-1.2200705278112225,0.0046130824803176824,-264.48053617441536,3426,0,***,per_area,nyc,NA,NA,NA,1
cbsa1,-1.2434289266594964,0.022795236311249106,-54.54775329729234,148,0,***,per_sensor,NA,840340030010,NA,NA,1
cbsa1,-1.2132015976707573,0.02175474960226628,-55.76720577580784,148,0,***,per_sensor,NA,840340170008,NA,NA,1
cbsa1,-1.2278265338896128,0.022057934673466794,-55.66371249464935,148,0,***,per_sensor,NA,840340171003,NA,NA,1
cbsa1,-1.204014718843887,0.02170440095957957,-55.473298760290206,148,0,***,per_sensor,NA,840340190001,NA,NA,1
cbsa1,-1.201269325538148,0.021770677539958518,-55.17831603234691,148,0,***,per_sensor,NA,840340230011,NA,NA,1
cbsa1,-1.2170197461124785,0.021755576612104584,-55.94058791507006,148,0,***,per_sensor,NA,840340273001,NA,NA,1
cbsa1,-1.1895761411130295,0.021823883270343153,-54.50799595915933,148,0,***,per_sensor,NA,840340292002,NA,NA,1
cbsa1,-1.2052209501703683,0.021618246372528113,-55.75017184103937,148,0,***,per_sensor,NA,840340310005,NA,NA,1
cbsa1,-1.2286351273132743,0.022156627007676663,-55.452263870650796,148,0,***,per_sensor,NA,840340390004,NA,NA,1
cbsa1,-1.2049728488306781,0.02163133238626304,-55.70497588007548,148,0,***,per_sensor,NA,840340392003,NA,NA,1
cbsa1,-1.2028259229909009,0.021650475679804614,-55.556558700134566,148,0,***,per_sensor,NA,840360050080,NA,NA,1
cbsa1,-1.2070666104923522,0.02166998788438804,-55.70222821222587,148,0,***,per_sensor,NA,840360050110,NA,NA,1
cbsa1,-1.2057344463484325,0.021621096422033855,-55.76657274048692,148,0,***,per_sensor,NA,840360050112,NA,NA,1
cbsa1,-1.2262388036312872,0.022017121682581672,-55.69478251107624,148,0,***,per_sensor,NA,840360470052,NA,NA,1
cbsa1,-1.1861791631883305,0.021879159876992654,-54.21502333074837,148,0,***,per_sensor,NA,840360470118,NA,NA,1
cbsa1,-1.216331399642378,0.021719363844724077,-56.00216508817504,148,0,***,per_sensor,NA,840360610115,NA,NA,1
cbsa1,-1.2014346409243246,0.021626556996263476,-55.5536714018742,148,0,***,per_sensor,NA,840360610135,NA,NA,1
cbsa1,-1.2229741967866448,0.02190220908355081,-55.837938178808344,148,0,***,per_sensor,NA,840360810120,NA,NA,1
cbsa1,-1.2101021003162922,0.02167709856783696,-55.82398846088015,148,0,***,per_sensor,NA,840360810124,NA,NA,1
cbsa1,-1.2052964359546143,0.021666716893733378,-55.628937317366244,148,0,***,per_sensor,NA,840360850055,NA,NA,1
cbsa1,-1.2044461384110388,0.021654542547269718,-55.62094584920703,148,0,***,per_sensor,NA,840360850111,NA,NA,1
cbsa1,-1.2072628332366073,0.021691894203863176,-55.65502126695797,148,0,***,per_sensor,NA,840360870005,NA,NA,1
cbsa1,-1.2016481421393646,0.02172047697522876,-55.32328518889299,148,0,***,per_sensor,NA,840361030009,NA,NA,1
cbsa1,-1.226109622965663,0.021954015384920783,-55.8489916977931,148,0,***,per_sensor,NA,840361192004,NA,NA,1
cbsa1,-1.212050633298473,0.02168575918222051,-55.89154721833287,148,0,***,per_sensor,NA,840999999910,NA,NA,1
cbsa1,-1.243107943039444,0.02282257684196283,-54.468342976670286,148,0,***,per_sensor,NA,840999999911,NA,NA,1
cbsa1,-1.2286808527757866,0.022049326828331155,-55.72418887623617,148,0,***,per_sensor,NA,840999999912,NA,NA,1
cbsa1,-1.227830542043164,0.02204427477102572,-55.69838676012988,148,0,***,per_sensor,NA,840999999913,NA,NA,1
cbsa1,-1.240972848173005,0.022582038587892924,-54.95397784141317,148,0,***,per_sensor,NA,840999999914,NA,NA,1
cbsa1,-1.2629001362834313,0.024426830186075086,-51.70135161472438,148,0,***,per_sensor,NA,840999999915,NA,NA,1
cbsa1,-1.2098770207833198,0.021641707254079576,-55.90487878701213,148,0,***,per_sensor,NA,840999999916,NA,NA,1
cbsa1,-1.2485766623859396,0.02308343260830656,-54.0897310886354,148,0,***,per_sensor,NA,840999999917,NA,NA,1
cbsa1,-1.2325145111482405,0.022142802263377403,-55.662083619232355,148,0,***,per_sensor,NA,840999999918,NA,NA,1
cbsa1,-1.2214057133933003,0.021921467237796106,-55.71733407002073,148,0,***,per_sensor,NA,840999999991,NA,NA,1
cbsa1,-1.2139902848147486,0.02175992643525534,-55.790183318260056,148,0,***,per_sensor,NA,840999999992,NA,NA,1
cbsa1,-1.2031436370841817,0.021667375963106344,-55.52788852387149,148,0,***,per_sensor,NA,840999999993,NA,NA,1
cbsa1,-1.2111317866216325,0.02167239020636289,-55.88362774430165,148,0,***,per_sensor,NA,840999999994,NA,NA,1
cbsa1,-1.2014581192734295,0.021635282373582324,-55.53235213331281,148,0,***,per_sensor,NA,840999999995,NA,NA,1
cbsa1,-1.2511394192420398,0.023231162697765543,-53.8560826902727,148,0,***,per_sensor,NA,840999999996,NA,NA,1
cbsa1,-1.2376236216042509,0.022591341310663884,-54.78309608026905,148,0,***,per_sensor,NA,840999999997,NA,NA,1
cbsa1,-1.2461510622542578,0.02295970683502789,-54.275565067455446,148,0,***,per_sensor,NA,840999999998,NA,NA,1
cbsa1,-1.2413133392732434,0.022536046230155746,-55.08123858976769,148,0,***,per_sensor,NA,840999999999,NA,NA,1
cbsa1,-1.643361724381599,0.017974622128064957,-91.42677451982206,167,0,***,per_week,NA,NA,1,NA,1
cbsa1,-2.4915345166144145,0.016993903716721912,-146.6134302127861,293,0,***,per_week,NA,NA,2,NA,1
cbsa1,-2.503741127162788,0.018291533034631286,-136.87978598745468,293,0,***,per_week,NA,NA,3,NA,1
cbsa1,-2.6501052330171855,0.019770580207273656,-134.04286597730723,293,0,***,per_week,NA,NA,4,NA,1
cbsa1,-2.2463024406063963,0.018037394746288064,-124.5358585429121,293,0,***,per_week,NA,NA,5,NA,1
cbsa1,-1.8670947429293359,0.015399395361986931,-121.24467870590674,293,0,***,per_week,NA,NA,6,NA,1
cbsa1,-1.7465600054607495,0.015539913450254707,-112.39187470713503,293,0,***,per_week,NA,NA,7,NA,1
cbsa1,-1.6158108055523992,0.015750801256158267,-102.58594336085903,293,0,***,per_week,NA,NA,8,NA,1
cbsa1,-1.574234953779976,0.01566960766217509,-100.46422269908047,293,0,***,per_week,NA,NA,9,NA,1
cbsa1,-1.281943516927678,0.013789809425974901,-92.96310611174731,293,0,***,per_week,NA,NA,10,NA,1
cbsa1,-1.2674855225619421,0.014719620988950953,-86.10857056125016,293,0,***,per_week,NA,NA,11,NA,1
cbsa1,-1.0595355785696992,0.013891144597120585,-76.27417389272041,293,0,***,per_week,NA,NA,12,NA,1
cbsa1,-1.0892821227466287,0.01637690814134643,-66.51329502157623,293,0,***,per_week,NA,NA,13,NA,1
cbsa1,-0.8397322679847253,0.013747602863985586,-61.08208654939843,293,0,***,per_week,NA,NA,14,NA,1
cbsa1,-0.7195006893467869,0.013845770524977515,-51.96537730051361,293,0,***,per_week,NA,NA,15,NA,1
cbsa1,-0.6813558728037387,0.01646214093221702,-41.38926252722694,293,0,***,per_week,NA,NA,16,NA,1
cbsa1,-0.5467547217877589,0.01555011885426897,-35.16080660937575,293,0,***,per_week,NA,NA,17,NA,1
cbsa1,-0.43523154547195536,0.01647360448455406,-26.419934136456664,293,0,***,per_week,NA,NA,18,NA,1
cbsa1,-0.27246341246858985,0.015300209249337053,-17.807822627026848,293,0,***,per_week,NA,NA,19,NA,1
cbsa1,-0.148169667281193,0.01471043883437729,-10.072416530153445,293,0,***,per_week,NA,NA,20,NA,1
cbsa1,-0.019363717475647246,0.01256505048645462,-1.541077570402262,293,0.12437718407105303, ,per_week,NA,NA,21,NA,1
cbsa1,0.07729371153254633,0.019313690196981117,4.002016742746964,209,8.719718459548886e-5,***,per_week,NA,NA,22,NA,1
cbsa1,-2.385443194017916,0.008840328259764154,-269.83649519837576,1175,0,***,per_month,NA,NA,NA,1,1
cbsa1,-1.8157319260560965,0.008053624988319484,-225.4552364543333,1175,0,***,per_month,NA,NA,NA,2,1
cbsa1,-1.2210749087882322,0.007031979945082588,-173.64596007446252,1301,0,***,per_month,NA,NA,NA,3,1
cbsa1,-0.6956404599547882,0.0072247854658771616,-96.28527563071805,1259,0,***,per_month,NA,NA,NA,4,1
cbsa1,-0.17245003901862915,0.007191177019060914,-23.980780692998316,1301,0,***,per_month,NA,NA,NA,5,1
cbsa1,0.08264002850553527,0.03193860760069743,2.587464974638741,41,0.01331171195502412,*,per_month,NA,NA,NA,6,1
cbsa2,-0.7168037946248106,0.003511202941313086,-204.14764016936806,6200,0,***,overall,NA,NA,NA,NA,2
cbsa2,-0.7170973172763754,0.006332432510722837,-113.24199919416431,1898,0,***,per_area,cbsa,NA,NA,NA,2
cbsa2,-0.7297823123314423,0.009405061823933341,-77.59463212398492,893,0,***,per_area,crz,NA,NA,NA,2
cbsa2,-0.7130038302477538,0.004718098853403007,-151.12100284492513,3407,0,***,per_area,nyc,NA,NA,NA,2
cbsa2,-0.7275695995912151,0.02333635317313803,-31.177519220471208,148,0,***,per_sensor,NA,840340030010,NA,NA,2
cbsa2,-0.7260279706609043,0.022765964121129204,-31.890938894482144,148,0,***,per_sensor,NA,840340170008,NA,NA,2
cbsa2,-0.7339347633542809,0.023005340784870813,-31.902799015998244,148,0,***,per_sensor,NA,840340171003,NA,NA,2
cbsa2,-0.7153251768155477,0.023036307325384944,-31.05207647700083,148,0,***,per_sensor,NA,840340190001,NA,NA,2
cbsa2,-0.7452347497423583,0.023664168893123647,-31.492115911956205,129,0,***,per_sensor,NA,840340230011,NA,NA,2
cbsa2,-0.7138935445499175,0.022983086163861154,-31.06169203996856,148,0,***,per_sensor,NA,840340273001,NA,NA,2
cbsa2,-0.6948022773271283,0.022652213889060205,-30.672599187432194,148,0,***,per_sensor,NA,840340292002,NA,NA,2
cbsa2,-0.7118185156167978,0.022464564442058958,-31.686281630464457,148,0,***,per_sensor,NA,840340310005,NA,NA,2
cbsa2,-0.7217958355183871,0.022633796274579676,-31.89017992218326,148,0,***,per_sensor,NA,840340390004,NA,NA,2
cbsa2,-0.7464553798705164,0.023601174564519965,-31.627891138633203,129,0,***,per_sensor,NA,840340392003,NA,NA,2
cbsa2,-0.7025314805747844,0.021992844031163396,-31.943639466515204,148,0,***,per_sensor,NA,840360050080,NA,NA,2
cbsa2,-0.7008226698463621,0.022017263941731653,-31.8305976483308,148,0,***,per_sensor,NA,840360050110,NA,NA,2
cbsa2,-0.6978176684134746,0.022044961799142542,-31.654292476053048,148,0,***,per_sensor,NA,840360050112,NA,NA,2
cbsa2,-0.7193007009406734,0.0224356612207752,-32.06059736160609,148,0,***,per_sensor,NA,840360470052,NA,NA,2
cbsa2,-0.6995758451086989,0.02228796329502056,-31.3880562278651,148,0,***,per_sensor,NA,840360470118,NA,NA,2
cbsa2,-0.71113847173344,0.022174327969239085,-32.07035057477067,148,0,***,per_sensor,NA,840360610115,NA,NA,2
cbsa2,-0.7097538147812311,0.022248814317061962,-31.900747818140662,148,0,***,per_sensor,NA,840360610135,NA,NA,2
cbsa2,-0.7050592370889499,0.022345726567341087,-31.552307550357927,148,0,***,per_sensor,NA,840360810120,NA,NA,2
cbsa2,-0.698773111518234,0.022103012155694324,-31.614383894649915,148,0,***,per_sensor,NA,840360810124,NA,NA,2
cbsa2,-0.6995288069227632,0.02214477440918211,-31.588888375973273,148,0,***,per_sensor,NA,840360850055,NA,NA,2
cbsa2,-0.7462944823462768,0.023643076323501863,-31.565032914284497,129,0,***,per_sensor,NA,840360850111,NA,NA,2
cbsa2,-0.6937781468774055,0.022130802274319364,-31.348983117637236,148,0,***,per_sensor,NA,840360870005,NA,NA,2
cbsa2,-0.6941827928610328,0.02198270749086271,-31.57858481033674,148,0,***,per_sensor,NA,840361030009,NA,NA,2
cbsa2,-0.7054637365819677,0.022424908456921702,-31.458934957846765,148,0,***,per_sensor,NA,840361192004,NA,NA,2
cbsa2,-0.6999927251383903,0.022089430309604634,-31.689034770354795,148,0,***,per_sensor,NA,840999999910,NA,NA,2
cbsa2,-0.7428257088149981,0.023710171662186957,-31.329410828334847,148,0,***,per_sensor,NA,840999999911,NA,NA,2
cbsa2,-0.7347529499465533,0.023031587243127916,-31.901967597382427,148,0,***,per_sensor,NA,840999999912,NA,NA,2
cbsa2,-0.7281257360791351,0.02284409679537581,-31.873693348494527,148,0,***,per_sensor,NA,840999999913,NA,NA,2
cbsa2,-0.7409735105984903,0.02347754808938509,-31.560941022350914,148,0,***,per_sensor,NA,840999999914,NA,NA,2
cbsa2,-0.7380898634910388,0.02439233526844792,-30.259089807025404,148,0,***,per_sensor,NA,840999999915,NA,NA,2
cbsa2,-0.7191523216892856,0.02249156676152489,-31.97430971858753,148,0,***,per_sensor,NA,840999999916,NA,NA,2
cbsa2,-0.722197341841205,0.023329767985315348,-30.956044753457633,148,0,***,per_sensor,NA,840999999917,NA,NA,2
cbsa2,-0.7231778424716057,0.022715190882366922,-31.836749522232083,148,0,***,per_sensor,NA,840999999918,NA,NA,2
cbsa2,-0.729734988657365,0.022828012790422115,-31.966645338640156,148,0,***,per_sensor,NA,840999999991,NA,NA,2
cbsa2,-0.7007941611754676,0.02216641112063349,-31.615138660093557,148,0,***,per_sensor,NA,840999999992,NA,NA,2
cbsa2,-0.6959104508855793,0.02203177582569708,-31.586670833582744,148,0,***,per_sensor,NA,840999999993,NA,NA,2
cbsa2,-0.6992758802309322,0.02214740171907021,-31.573720886130616,148,0,***,per_sensor,NA,840999999994,NA,NA,2
cbsa2,-0.7139756763989884,0.022403559637552792,-31.868849769847472,148,0,***,per_sensor,NA,840999999995,NA,NA,2
cbsa2,-0.747160749927777,0.024118739631668946,-30.978432593829353,148,0,***,per_sensor,NA,840999999996,NA,NA,2
cbsa2,-0.7207091470103503,0.022729927376686714,-31.707498887548418,148,0,***,per_sensor,NA,840999999997,NA,NA,2
cbsa2,-0.7213999602747094,0.02322197676894297,-31.065398413433453,148,0,***,per_sensor,NA,840999999998,NA,NA,2
cbsa2,-0.7175410514534183,0.022939159485177888,-31.280180597595855,148,0,***,per_sensor,NA,840999999999,NA,NA,2
cbsa2,-0.791139440994609,0.018009011426556594,-43.93019818000518,167,0,***,per_week,NA,NA,1,NA,2
cbsa2,-1.1996639676112761,0.01689289572879698,-71.01588661121214,293,0,***,per_week,NA,NA,2,NA,2
cbsa2,-1.2757939205980842,0.019050873861854164,-66.96773753526469,293,0,***,per_week,NA,NA,3,NA,2
cbsa2,-1.3042564102124992,0.02060044452803094,-63.312051758776505,293,0,***,per_week,NA,NA,4,NA,2
cbsa2,-1.146253908549667,0.01813954616428771,-63.19088130255199,293,0,***,per_week,NA,NA,5,NA,2
cbsa2,-0.9641830412614474,0.015523181983906389,-62.11246136655881,293,0,***,per_week,NA,NA,6,NA,2
cbsa2,-0.9175416153347264,0.015802862798158377,-58.06173394365319,293,0,***,per_week,NA,NA,7,NA,2
cbsa2,-0.8634774406470924,0.016105029828142253,-53.61538909653148,293,0,***,per_week,NA,NA,8,NA,2
cbsa2,-0.866125799910731,0.01587135818619669,-54.571624542126465,293,0,***,per_week,NA,NA,9,NA,2
cbsa2,-0.7259391931478226,0.014546515846260825,-49.90467826248751,293,0,***,per_week,NA,NA,10,NA,2
cbsa2,-0.742050855640225,0.015274389764921688,-48.58137490666748,293,0,***,per_week,NA,NA,11,NA,2
cbsa2,-0.6558079435732241,0.014641205840104159,-44.791935222772516,293,0,***,per_week,NA,NA,12,NA,2
cbsa2,-0.6902592929818834,0.016914556608633315,-40.8085951617301,293,0,***,per_week,NA,NA,13,NA,2
cbsa2,-0.5597803368360695,0.014334139223940124,-39.052246395176205,293,0,***,per_week,NA,NA,14,NA,2
cbsa2,-0.4979415349460932,0.013929945757721563,-35.74612160065859,293,0,***,per_week,NA,NA,15,NA,2
cbsa2,-0.5134903832837581,0.017347909503978087,-29.599553950060006,278,0,***,per_week,NA,NA,16,NA,2
cbsa2,-0.4632947900102668,0.016950490390223567,-27.332235194651275,272,0,***,per_week,NA,NA,17,NA,2
cbsa2,-0.4319639227366143,0.018234801720772544,-23.68898380970789,272,0,***,per_week,NA,NA,18,NA,2
cbsa2,-0.3400347824385264,0.01564943011696563,-21.72825335472714,293,0,***,per_week,NA,NA,19,NA,2
cbsa2,-0.2770691025039655,0.015160291063227818,-18.275975134541643,293,0,***,per_week,NA,NA,20,NA,2
cbsa2,-0.18999158952855263,0.012692293201574695,-14.969051416569934,293,0,***,per_week,NA,NA,21,NA,2
cbsa2,-0.1850688622043182,0.019286095088019647,-9.59597374998329,209,0,***,per_week,NA,NA,22,NA,2
cbsa2,-1.1802987070482955,0.009070540126036586,-130.12441273042828,1175,0,***,per_month,NA,NA,NA,1,2
cbsa2,-0.9548869759272312,0.008167030694450288,-116.91972415092084,1175,0,***,per_month,NA,NA,NA,2,2
cbsa2,-0.7182352978648423,0.007288495905772367,-98.54369229953356,1301,0,***,per_month,NA,NA,NA,3,2
cbsa2,-0.5096147271493031,0.0075601570920722175,-67.40795474788463,1220,0,***,per_month,NA,NA,NA,4,2
cbsa2,-0.289237069839774,0.007413506293171575,-39.01488154210973,1283,0,***,per_month,NA,NA,NA,5,2
cbsa2,-0.12858857225052236,0.03116672495912357,-4.125828826069198,41,1.7612676979616992e-4,***,per_month,NA,NA,NA,6,2
cbsa3,-0.7043069800579064,0.0035677344592177627,-197.41014588073574,6200,0,***,overall,NA,NA,NA,NA,3
cbsa3,-0.6879776381528987,0.006292356651324468,-109.33544874766235,1898,0,***,per_area,cbsa,NA,NA,NA,3
cbsa3,-0.7434218723062469,0.009927020775667377,-74.88871929516716,893,0,***,per_area,crz,NA,NA,NA,3
cbsa3,-0.7032603795628413,0.0048070162669228474,-146.29873096165426,3407,0,***,per_area,nyc,NA,NA,NA,3
cbsa3,-0.7213938934578665,0.023529182171966,-30.659539638286965,148,0,***,per_sensor,NA,840340030010,NA,NA,3
cbsa3,-0.6929406456649484,0.023174386427818834,-29.901143135903414,148,0,***,per_sensor,NA,840340170008,NA,NA,3
cbsa3,-0.7258113193841049,0.023167615370833585,-31.32870205959353,148,0,***,per_sensor,NA,840340171003,NA,NA,3
cbsa3,-0.6603607916252696,0.022514209807176822,-29.3308447101158,148,0,***,per_sensor,NA,840340190001,NA,NA,3
cbsa3,-0.7106778062081676,0.022950367042203806,-30.965857970867766,129,0,***,per_sensor,NA,840340230011,NA,NA,3
cbsa3,-0.6574824120026331,0.022274235423578998,-29.517619774577636,148,0,***,per_sensor,NA,840340273001,NA,NA,3
cbsa3,-0.6736143457658742,0.022953622764337364,-29.34675509316363,148,0,***,per_sensor,NA,840340292002,NA,NA,3
cbsa3,-0.7028698862589001,0.0230586039701699,-30.481892449698083,148,0,***,per_sensor,NA,840340310005,NA,NA,3
cbsa3,-0.6686530779495099,0.022430121424155666,-29.81049746923873,148,0,***,per_sensor,NA,840340390004,NA,NA,3
cbsa3,-0.7335415799410447,0.023705498896829942,-30.943941873298385,129,0,***,per_sensor,NA,840340392003,NA,NA,3
cbsa3,-0.7063598883558527,0.022595172345363183,-31.261540189172614,148,0,***,per_sensor,NA,840360050080,NA,NA,3
cbsa3,-0.6955086280992158,0.022428720911747666,-31.009732157080958,148,0,***,per_sensor,NA,840360050110,NA,NA,3
cbsa3,-0.6834921922482232,0.021903391830989553,-31.204856194062085,148,0,***,per_sensor,NA,840360050112,NA,NA,3
cbsa3,-0.7154861754752504,0.022274449358253685,-32.121385537646546,148,0,***,per_sensor,NA,840360470052,NA,NA,3
cbsa3,-0.7148182824185572,0.023275409510415464,-30.71130852063783,148,0,***,per_sensor,NA,840360470118,NA,NA,3
cbsa3,-0.7015530855787504,0.02269810871203452,-30.907997423009412,148,0,***,per_sensor,NA,840360610115,NA,NA,3
cbsa3,-0.7329216047102829,0.023586554695527496,-31.073703394640344,148,0,***,per_sensor,NA,840360610135,NA,NA,3
cbsa3,-0.6924409714733909,0.022251805352841693,-31.11841760672969,148,0,***,per_sensor,NA,840360810120,NA,NA,3
cbsa3,-0.7025716996651005,0.02292892292883299,-30.641286633731085,148,0,***,per_sensor,NA,840360810124,NA,NA,3
cbsa3,-0.6740252783505218,0.021535283211684842,-31.298649371130725,148,0,***,per_sensor,NA,840360850055,NA,NA,3
cbsa3,-0.6846560314704483,0.022669666287958384,-30.201416411415025,129,0,***,per_sensor,NA,840360850111,NA,NA,3
cbsa3,-0.6642194500881916,0.021334588657007745,-31.13345472775339,148,0,***,per_sensor,NA,840360870005,NA,NA,3
cbsa3,-0.6705280454983711,0.02178720520997761,-30.776230316649237,148,0,***,per_sensor,NA,840361030009,NA,NA,3
cbsa3,-0.6667077194254543,0.021833515304910553,-30.53597691964453,148,0,***,per_sensor,NA,840361192004,NA,NA,3
cbsa3,-0.7001709835391021,0.022798887793915867,-30.71075176421327,148,0,***,per_sensor,NA,840999999910,NA,NA,3
cbsa3,-0.7508593804336476,0.02593311419494156,-28.953691206901336,148,0,***,per_sensor,NA,840999999911,NA,NA,3
cbsa3,-0.7389769420218819,0.024087149445202516,-30.679302409902444,148,0,***,per_sensor,NA,840999999912,NA,NA,3
cbsa3,-0.7443507211182065,0.02511557621712101,-29.637015479294117,148,0,***,per_sensor,NA,840999999913,NA,NA,3
cbsa3,-0.7511771306581814,0.024310557899132446,-30.89921398656952,148,0,***,per_sensor,NA,840999999914,NA,NA,3
cbsa3,-0.7058625905365811,0.023895287743298143,-29.539823839725585,148,0,***,per_sensor,NA,840999999915,NA,NA,3
cbsa3,-0.7330458326411706,0.02365672555527571,-30.98678348059431,148,0,***,per_sensor,NA,840999999916,NA,NA,3
cbsa3,-0.6794917874487999,0.02245771695596829,-30.256494405956094,148,0,***,per_sensor,NA,840999999917,NA,NA,3
cbsa3,-0.7001236410921591,0.022340052767586837,-31.339390661957964,148,0,***,per_sensor,NA,840999999918,NA,NA,3
cbsa3,-0.7476394591591051,0.02394833293196,-31.218851904357425,148,0,***,per_sensor,NA,840999999991,NA,NA,3
cbsa3,-0.6856665257714873,0.021968373620182734,-31.211528792534434,148,0,***,per_sensor,NA,840999999992,NA,NA,3
cbsa3,-0.6946977781467059,0.02364198511835239,-29.384071374253505,148,0,***,per_sensor,NA,840999999993,NA,NA,3
cbsa3,-0.7002144906909871,0.02282274509307057,-30.680555202081532,148,0,***,per_sensor,NA,840999999994,NA,NA,3
cbsa3,-0.7356126938380309,0.024329555503021672,-30.235352789189655,148,0,***,per_sensor,NA,840999999995,NA,NA,3
cbsa3,-0.7460131758008316,0.024343688409608107,-30.645034690239907,148,0,***,per_sensor,NA,840999999996,NA,NA,3
cbsa3,-0.703617440395095,0.023723368071726907,-29.659255729107617,148,0,***,per_sensor,NA,840999999997,NA,NA,3
cbsa3,-0.7028316595693733,0.02288881239068419,-30.706340179337033,148,0,***,per_sensor,NA,840999999998,NA,NA,3
cbsa3,-0.7084343615736343,0.02495262362914161,-28.39117730074162,148,0,***,per_sensor,NA,840999999999,NA,NA,3
cbsa3,-0.7966997306336095,0.01831887258456887,-43.49065298400075,167,0,***,per_week,NA,NA,1,NA,3
cbsa3,-1.2090937457147206,0.017135596777063878,-70.5603523148433,293,0,***,per_week,NA,NA,2,NA,3
cbsa3,-1.2834521892207535,0.01929195682412919,-66.52783856614745,293,0,***,per_week,NA,NA,3,NA,3
cbsa3,-1.3026949541376585,0.020802417718443413,-62.6222861096905,293,0,***,per_week,NA,NA,4,NA,3
cbsa3,-1.1465236990074266,0.018414224097533023,-62.262938309794315,293,0,***,per_week,NA,NA,5,NA,3
cbsa3,-0.9617147745649264,0.015726085943825577,-61.154109038970226,293,0,***,per_week,NA,NA,6,NA,3
cbsa3,-0.9146993207070427,0.016078980407306355,-56.887893233043535,293,0,***,per_week,NA,NA,7,NA,3
cbsa3,-0.8556853708450987,0.016251192842525367,-52.65369620167087,293,0,***,per_week,NA,NA,8,NA,3
cbsa3,-0.8564225953255651,0.016161235797058554,-52.992395264812565,293,0,***,per_week,NA,NA,9,NA,3
cbsa3,-0.7126242177120096,0.014688783043687745,-48.51485760205627,293,0,***,per_week,NA,NA,10,NA,3
cbsa3,-0.734427221210492,0.015698802932639883,-46.78237088278374,293,0,***,per_week,NA,NA,11,NA,3
cbsa3,-0.6454041134977785,0.01495573808122903,-43.154280316517855,293,0,***,per_week,NA,NA,12,NA,3
cbsa3,-0.6709203356573428,0.017213964581531193,-38.975352393670605,293,0,***,per_week,NA,NA,13,NA,3
cbsa3,-0.5438902346585208,0.014603791927935764,-37.24308298436564,293,0,***,per_week,NA,NA,14,NA,3
cbsa3,-0.48064974795310456,0.014298215610869964,-33.616065181427196,293,0,***,per_week,NA,NA,15,NA,3
cbsa3,-0.48847290024840867,0.017568546316548007,-27.80383142959931,278,0,***,per_week,NA,NA,16,NA,3
cbsa3,-0.43809581085412674,0.017281675840099042,-25.350308321233733,272,0,***,per_week,NA,NA,17,NA,3
cbsa3,-0.40137944404187675,0.018494039356514176,-21.70317886235591,272,0,***,per_week,NA,NA,18,NA,3
cbsa3,-0.31160011540489063,0.015922605958447387,-19.569668194896078,293,0,***,per_week,NA,NA,19,NA,3
cbsa3,-0.24954426397159057,0.015453787123962106,-16.147774132636776,293,0,***,per_week,NA,NA,20,NA,3
cbsa3,-0.16558223848357423,0.012950194842566414,-12.78608086569606,293,0,***,per_week,NA,NA,21,NA,3
cbsa3,-0.1550395537152501,0.01963959406491383,-7.89423412738599,209,1.6253665080512292e-13,***,per_week,NA,NA,22,NA,3
cbsa3,-1.184317523413372,0.009171902363903093,-129.12452361839001,1175,0,***,per_month,NA,NA,NA,1,3
cbsa3,-0.9505762296233525,0.008299787031369287,-114.53019529665303,1175,0,***,per_month,NA,NA,NA,2,3
cbsa3,-0.7063569374432873,0.007435844353154332,-94.9935076496923,1301,0,***,per_month,NA,NA,NA,3,3
cbsa3,-0.4879295142482321,0.00768895771219633,-63.45847285312437,1220,0,***,per_month,NA,NA,NA,4,3
cbsa3,-0.26182735500493237,0.007550891516927681,-34.675025381832675,1283,0,***,per_month,NA,NA,NA,5,3
cbsa3,-0.10530235216338799,0.031416944416915754,-3.351769375340343,41,0.0017347034043881937,**,per_month,NA,NA,NA,6,3
nyc1,-1.728476861801499,0.005379606548936816,-321.3017245923128,4320,0,***,overall,NA,NA,NA,NA,1
nyc1,-1.7330675989594346,0.011854138533963651,-146.19937113051026,893,0,***,per_area,crz,NA,NA,NA,1
nyc1,-1.7270873868983017,0.006033946181257195,-286.2285037050921,3426,0,***,per_area,nyc,NA,NA,NA,1
nyc1,-1.7058542919721598,0.028401948189782117,-60.061171880661966,148,0,***,per_sensor,NA,840360050080,NA,NA,1
nyc1,-1.7118691722474322,0.028523125485457775,-60.01688605690184,148,0,***,per_sensor,NA,840360050110,NA,NA,1
nyc1,-1.708224032094305,0.02851183586879391,-59.91280393010221,148,0,***,per_sensor,NA,840360050112,NA,NA,1
nyc1,-1.7352456437379133,0.02873091966095082,-60.396453166667875,148,0,***,per_sensor,NA,840360470052,NA,NA,1
nyc1,-1.6858160981368937,0.028658214257676985,-58.824882910675285,148,0,***,per_sensor,NA,840360470118,NA,NA,1
nyc1,-1.722866501407359,0.028517677667816592,-60.413983265954606,148,0,***,per_sensor,NA,840360610115,NA,NA,1
nyc1,-1.7018065214065412,0.028480285878563497,-59.75384266375832,148,0,***,per_sensor,NA,840360610135,NA,NA,1
nyc1,-1.72818442460254,0.028606430316729492,-60.412445924504965,148,0,***,per_sensor,NA,840360810120,NA,NA,1
nyc1,-1.7111766715179872,0.028382763121709675,-60.28929122158393,148,0,***,per_sensor,NA,840360810124,NA,NA,1
nyc1,-1.7059583242006675,0.02855927121441424,-59.73395859414115,148,0,***,per_sensor,NA,840360850055,NA,NA,1
nyc1,-1.7065403145070313,0.02851537876387016,-59.84631411136187,148,0,***,per_sensor,NA,840360850111,NA,NA,1
nyc1,-1.7162930328967787,0.028508220328040994,-60.20344353830514,148,0,***,per_sensor,NA,840999999910,NA,NA,1
nyc1,-1.7565265534730201,0.029674469648116743,-59.1931911269894,148,0,***,per_sensor,NA,840999999911,NA,NA,1
nyc1,-1.7368264927562738,0.02881617821450473,-60.27261768814421,148,0,***,per_sensor,NA,840999999912,NA,NA,1
nyc1,-1.7365134849149197,0.028836282565943613,-60.21974160309369,148,0,***,per_sensor,NA,840999999913,NA,NA,1
nyc1,-1.7498829298054983,0.029386627416385983,-59.546912444595925,148,0,***,per_sensor,NA,840999999914,NA,NA,1
nyc1,-1.783593891739158,0.03141706267559168,-56.77150375756977,148,0,***,per_sensor,NA,840999999915,NA,NA,1
nyc1,-1.7166819003203133,0.028523916971192387,-60.18394675787582,148,0,***,per_sensor,NA,840999999916,NA,NA,1
nyc1,-1.7608266965235584,0.029901344254029013,-58.88787746678975,148,0,***,per_sensor,NA,840999999917,NA,NA,1
nyc1,-1.741015519417889,0.02902498197339799,-59.983345416495574,148,0,***,per_sensor,NA,840999999918,NA,NA,1
nyc1,-1.7306062915614384,0.02872368333838954,-60.25015215400536,148,0,***,per_sensor,NA,840999999991,NA,NA,1
nyc1,-1.7189750517784932,0.02858680778219693,-60.131759547109105,148,0,***,per_sensor,NA,840999999992,NA,NA,1
nyc1,-1.7042239008059792,0.02847346086608627,-59.85306488807687,148,0,***,per_sensor,NA,840999999993,NA,NA,1
nyc1,-1.715241954627702,0.02850464531437432,-60.17412024287634,148,0,***,per_sensor,NA,840999999994,NA,NA,1
nyc1,-1.7026012280430383,0.028498467670423255,-59.7436061381665,148,0,***,per_sensor,NA,840999999995,NA,NA,1
nyc1,-1.7669341612859046,0.030284262206159648,-58.344963111781546,148,0,***,per_sensor,NA,840999999996,NA,NA,1
nyc1,-1.7516510928974673,0.029358247874393808,-59.66470139470596,148,0,***,per_sensor,NA,840999999997,NA,NA,1
nyc1,-1.7618204083099511,0.029967013352843352,-58.7919919668199,148,0,***,per_sensor,NA,840999999998,NA,NA,1
nyc1,-1.750705014884796,0.02945403427304853,-59.43854748912112,148,0,***,per_sensor,NA,840999999999,NA,NA,1
nyc1,-1.9942205097305283,0.028277079375841226,-70.52427456260948,115,0,***,per_week,NA,NA,1,NA,1
nyc1,-3.0588000325341005,0.026864817614297137,-113.85895398397358,202,0,***,per_week,NA,NA,2,NA,1
nyc1,-3.105452526585561,0.02912409472116033,-106.62829373128193,202,0,***,per_week,NA,NA,3,NA,1
nyc1,-3.278009269126058,0.03123469576357704,-104.94769322992937,202,0,***,per_week,NA,NA,4,NA,1
nyc1,-2.85015618897644,0.02875892409375063,-99.1051048949284,202,0,***,per_week,NA,NA,5,NA,1
nyc1,-2.3972806517145386,0.024765052004848444,-96.80095366830663,202,0,***,per_week,NA,NA,6,NA,1
nyc1,-2.292246712039625,0.024989540475511687,-91.72824583492822,202,0,***,per_week,NA,NA,7,NA,1
nyc1,-2.1150891627026054,0.024633745418759765,-85.86145252162363,202,0,***,per_week,NA,NA,8,NA,1
nyc1,-2.100042386291847,0.024611788322724697,-85.32668812013242,202,0,***,per_week,NA,NA,9,NA,1
nyc1,-1.7678042333358626,0.021995686627696635,-80.37049550932728,202,0,***,per_week,NA,NA,10,NA,1
nyc1,-1.7841322878452133,0.023171018473363933,-76.99844052587282,202,0,***,per_week,NA,NA,11,NA,1
nyc1,-1.525748543096866,0.021571633594929043,-70.72939267128716,202,0,***,per_week,NA,NA,12,NA,1
nyc1,-1.6241895912296502,0.025622622690242722,-63.38888921968762,202,0,***,per_week,NA,NA,13,NA,1
nyc1,-1.3146050134601936,0.021784510464913656,-60.34585976019563,202,0,***,per_week,NA,NA,14,NA,1
nyc1,-1.1889393223901938,0.021977278205165224,-54.09856995443424,202,0,***,per_week,NA,NA,15,NA,1
nyc1,-1.194867435393495,0.025688803316078916,-46.513160644023216,202,0,***,per_week,NA,NA,16,NA,1
nyc1,-1.041049894303346,0.024157270833393196,-43.094681575713295,202,0,***,per_week,NA,NA,17,NA,1
nyc1,-0.9730870020319359,0.02612975124548335,-37.24057657074476,202,0,***,per_week,NA,NA,18,NA,1
nyc1,-0.7580635570602475,0.02438509862230719,-31.087163878303134,202,0,***,per_week,NA,NA,19,NA,1
nyc1,-0.60622292009607,0.02352445829429641,-25.76989924750152,202,0,***,per_week,NA,NA,20,NA,1
nyc1,-0.4049706943444053,0.019847054117885978,-20.404574499519782,202,0,***,per_week,NA,NA,21,NA,1
nyc1,-0.3769327580106095,0.030688155197618503,-12.28267895490377,144,0,***,per_week,NA,NA,22,NA,1
nyc1,-2.9489926420774664,0.014010927347038415,-210.478048242882,811,0,***,per_month,NA,NA,NA,1,1
nyc1,-2.356507425215553,0.01282830925064375,-183.6958697497333,811,0,***,per_month,NA,NA,NA,2,1
nyc1,-1.721776560416662,0.011036132151378065,-156.0126806022041,898,0,***,per_month,NA,NA,NA,3,1
nyc1,-1.1842792327759182,0.011333230674770064,-104.49617295907953,869,0,***,per_month,NA,NA,NA,4,1
nyc1,-0.6394681992126472,0.011427329870139604,-55.95954667272023,898,0,***,per_month,NA,NA,NA,5,1
nyc1,-0.254981335540091,0.05162990308101322,-4.938636726472179,28,3.280003718364455e-5,***,per_month,NA,NA,NA,6,1
nyc2,-1.0048958605760554,0.00541289781595336,-185.6484077002783,4301,0,***,overall,NA,NA,NA,NA,2
nyc2,-1.033707692454385,0.012233767785261893,-84.49626563123914,893,0,***,per_area,crz,NA,NA,NA,2
nyc2,-0.9975328862510426,0.006036573383920864,-165.24820006464114,3407,0,***,per_area,nyc,NA,NA,NA,2
nyc2,-0.9834721207385859,0.02820991596357212,-34.862639151728,148,0,***,per_sensor,NA,840360050080,NA,NA,2
nyc2,-0.9803147222812628,0.028185989983499304,-34.780212540171924,148,0,***,per_sensor,NA,840360050110,NA,NA,2
nyc2,-0.9765025403047921,0.02812017395301867,-34.72604906129913,148,0,***,per_sensor,NA,840360050112,NA,NA,2
nyc2,-1.0087420643930838,0.028818300345417647,-35.00352388247221,148,0,***,per_sensor,NA,840360470052,NA,NA,2
nyc2,-0.9872652728518823,0.02879064323041747,-34.291184985017324,148,0,***,per_sensor,NA,840360470118,NA,NA,2
nyc2,-0.9960902896644624,0.028418572216084903,-35.050680311823534,148,0,***,per_sensor,NA,840360610115,NA,NA,2
nyc2,-1.0047118848081305,0.02884027334270961,-34.83711381196415,148,0,***,per_sensor,NA,840360610135,NA,NA,2
nyc2,-0.9798967953852452,0.028203615252739768,-34.74365915873341,148,0,***,per_sensor,NA,840360810120,NA,NA,2
nyc2,-0.9745634442978653,0.02808522208940876,-34.70022210240537,148,0,***,per_sensor,NA,840360810124,NA,NA,2
nyc2,-0.9767077008215787,0.0283164700315525,-34.49256562464361,148,0,***,per_sensor,NA,840360850055,NA,NA,2
nyc2,-1.035262070236988,0.03112645562673711,-33.25987650671395,129,0,***,per_sensor,NA,840360850111,NA,NA,2
nyc2,-0.9751497458230574,0.02808691883653302,-34.71900038229425,148,0,***,per_sensor,NA,840999999910,NA,NA,2
nyc2,-1.0492532121107483,0.030739467724904223,-34.13374693084467,148,0,***,per_sensor,NA,840999999911,NA,NA,2
nyc2,-1.0392674085972669,0.029987354802879597,-34.65685504536296,148,0,***,per_sensor,NA,840999999912,NA,NA,2
nyc2,-1.0308120530253626,0.029607801596257935,-34.81555527431137,148,0,***,per_sensor,NA,840999999913,NA,NA,2
nyc2,-1.0476342790476818,0.03052700321182225,-34.31828115515651,148,0,***,per_sensor,NA,840999999914,NA,NA,2
nyc2,-1.0253802000116155,0.030848454025221156,-33.23927348752331,148,0,***,per_sensor,NA,840999999915,NA,NA,2
nyc2,-1.0194823166317204,0.029281501800314833,-34.81659935286376,148,0,***,per_sensor,NA,840999999916,NA,NA,2
nyc2,-1.0012790545330779,0.02960984063940528,-33.81575290211318,148,0,***,per_sensor,NA,840999999917,NA,NA,2
nyc2,-1.015209623424919,0.029135646271063124,-34.84424591031649,148,0,***,per_sensor,NA,840999999918,NA,NA,2
nyc2,-1.0352273173777549,0.029869203212888194,-34.65868540246387,148,0,***,per_sensor,NA,840999999991,NA,NA,2
nyc2,-0.9751834541171381,0.028038026159569684,-34.78074556914904,148,0,***,per_sensor,NA,840999999992,NA,NA,2
nyc2,-0.9691875404075155,0.027952466169344315,-34.672702384680136,148,0,***,per_sensor,NA,840999999993,NA,NA,2
nyc2,-0.975665478869943,0.028157475229634105,-34.65031828717057,148,0,***,per_sensor,NA,840999999994,NA,NA,2
nyc2,-1.0129438204817436,0.02921434145043719,-34.67282746045213,148,0,***,per_sensor,NA,840999999995,NA,NA,2
nyc2,-1.0541573025792221,0.031167910907036057,-33.821878717615604,148,0,***,per_sensor,NA,840999999996,NA,NA,2
nyc2,-1.0052397747195134,0.028978481666591324,-34.68918027815215,148,0,***,per_sensor,NA,840999999997,NA,NA,2
nyc2,-0.9969295438617455,0.02937800282396965,-33.93455810577927,148,0,***,per_sensor,NA,840999999998,NA,NA,2
nyc2,-1.0053891150501886,0.02947182653173206,-34.11356652658412,148,0,***,per_sensor,NA,840999999999,NA,NA,2
nyc2,-0.8855190251733458,0.02759758722075877,-32.086827666849906,115,0,***,per_week,NA,NA,1,NA,2
nyc2,-1.357927381240191,0.025968087213809027,-52.29216037591276,202,0,***,per_week,NA,NA,2,NA,2
nyc2,-1.4796970201242123,0.029796314552569054,-49.66040405814658,202,0,***,per_week,NA,NA,3,NA,2
nyc2,-1.4952655188859023,0.031209193437928856,-47.91105934409348,202,0,***,per_week,NA,NA,4,NA,2
nyc2,-1.369024320038758,0.0284223990298288,-48.16709239082849,202,0,***,per_week,NA,NA,5,NA,2
nyc2,-1.1722870443301974,0.024171422610081546,-48.49888495355891,202,0,***,per_week,NA,NA,6,NA,2
nyc2,-1.1531431258864042,0.024873764030261838,-46.359816089091744,202,0,***,per_week,NA,NA,7,NA,2
nyc2,-1.0834812265720328,0.024317893990827368,-44.55489554238202,202,0,***,per_week,NA,NA,8,NA,2
nyc2,-1.117818254579552,0.024347391113892634,-45.91121280101852,202,0,***,per_week,NA,NA,9,NA,2
nyc2,-0.9708093075342518,0.022452301074820175,-43.238744407493975,202,0,***,per_week,NA,NA,10,NA,2
nyc2,-1.0418198842319477,0.023991217125994006,-43.42505337518523,202,0,***,per_week,NA,NA,11,NA,2
nyc2,-0.9468145047423898,0.02253424900493317,-42.01668777757423,202,0,***,per_week,NA,NA,12,NA,2
nyc2,-1.0232312927533556,0.025942441831339112,-39.44236627398994,202,0,***,per_week,NA,NA,13,NA,2
nyc2,-0.8754535774151474,0.022292886788180682,-39.270534396617414,202,0,***,per_week,NA,NA,14,NA,2
nyc2,-0.8184520119693102,0.021782895730743802,-37.57315014891104,202,0,***,per_week,NA,NA,15,NA,2
nyc2,-0.8784413502703668,0.02597190468211258,-33.8227542809122,197,0,***,per_week,NA,NA,16,NA,2
nyc2,-0.839026955365672,0.025108935288170348,-33.415473246329384,195,0,***,per_week,NA,NA,17,NA,2
nyc2,-0.8615785528269366,0.027592405267403655,-31.225206518866415,195,0,***,per_week,NA,NA,18,NA,2
nyc2,-0.7436288244722085,0.02445568053047365,-30.40720226720291,202,0,***,per_week,NA,NA,19,NA,2
nyc2,-0.672656149512142,0.023783038434743567,-28.283019907561055,202,0,***,per_week,NA,NA,20,NA,2
nyc2,-0.5353069027649724,0.019811708498687516,-27.01972436150246,202,0,***,per_week,NA,NA,21,NA,2
nyc2,-0.6008519124214731,0.030208337274111492,-19.890267609545077,144,0,***,per_week,NA,NA,22,NA,2
nyc2,-1.3550179089363825,0.013966991804960718,-97.01573022009757,811,0,***,per_month,NA,NA,NA,1,2
nyc2,-1.184597135800996,0.012699217277519256,-93.28111409653765,811,0,***,per_month,NA,NA,NA,2,2
nyc2,-1.0013592537083948,0.011243188732221899,-89.06363466430084,898,0,***,per_month,NA,NA,NA,3,2
nyc2,-0.8522733756901378,0.011513905268175566,-74.02122527843106,856,0,***,per_month,NA,NA,NA,4,2
nyc2,-0.6906024354189407,0.01155041433871484,-59.79027376569253,892,0,***,per_month,NA,NA,NA,5,2
nyc2,-0.4368798062549696,0.048450073495686134,-9.017113385676664,28,8.973275456014562e-10,***,per_month,NA,NA,NA,6,2
nyc3,-1.067457045468032,0.005556422522246196,-192.1122882923796,4301,0,***,overall,NA,NA,NA,NA,3
nyc3,-1.1240282820610643,0.012692182944827365,-88.56067446767747,893,0,***,per_area,crz,NA,NA,NA,3
nyc3,-1.0522431791770992,0.00617283268160568,-170.46358348779822,3407,0,***,per_area,nyc,NA,NA,NA,3
nyc3,-1.0409120821913096,0.028421023564781444,-36.62472183025735,148,0,***,per_sensor,NA,840360050080,NA,NA,3
nyc3,-1.0195228206263318,0.028074623851856436,-36.314745515598986,148,0,***,per_sensor,NA,840360050110,NA,NA,3
nyc3,-1.0164344452594138,0.02778969894058811,-36.57594302955422,148,0,***,per_sensor,NA,840360050112,NA,NA,3
nyc3,-1.0706598944828927,0.028471266075202766,-37.60492742594931,148,0,***,per_sensor,NA,840360470052,NA,NA,3
nyc3,-1.0660632302870046,0.029307537723490245,-36.37505273711703,148,0,***,per_sensor,NA,840360470118,NA,NA,3
nyc3,-1.06742951466559,0.02971968703294174,-35.91657992503203,148,0,***,per_sensor,NA,840360610115,NA,NA,3
nyc3,-1.0810828464363758,0.029563554450893748,-36.56809428081788,148,0,***,per_sensor,NA,840360610135,NA,NA,3
nyc3,-1.0420963535134968,0.028671835564651832,-36.34564488079894,148,0,***,per_sensor,NA,840360810120,NA,NA,3
nyc3,-1.0380164069350184,0.029074907634731303,-35.701451573832706,148,0,***,per_sensor,NA,840360810124,NA,NA,3
nyc3,-1.0258642144707741,0.028184106397784466,-36.39867803477412,148,0,***,per_sensor,NA,840360850055,NA,NA,3
nyc3,-1.0140021251497593,0.032355415014556514,-31.339487522986975,129,0,***,per_sensor,NA,840360850111,NA,NA,3
nyc3,-1.040351298227831,0.02880934204141626,-36.11159521561525,148,0,***,per_sensor,NA,840999999910,NA,NA,3
nyc3,-1.1094935039936904,0.03234280546046389,-34.30418259015732,148,0,***,per_sensor,NA,840999999911,NA,NA,3
nyc3,-1.1139720718531385,0.0306290929717327,-36.369737519854496,148,0,***,per_sensor,NA,840999999912,NA,NA,3
nyc3,-1.1455254674517121,0.03238210043522423,-35.375267572379144,148,0,***,per_sensor,NA,840999999913,NA,NA,3
nyc3,-1.118720151795542,0.030671491289044714,-36.474266648884075,148,0,***,per_sensor,NA,840999999914,NA,NA,3
nyc3,-1.087965273750654,0.0317230791298922,-34.29570216989056,148,0,***,per_sensor,NA,840999999915,NA,NA,3
nyc3,-1.1137018336554527,0.03036657542235365,-36.67525291098933,148,0,***,per_sensor,NA,840999999916,NA,NA,3
nyc3,-1.047990000664408,0.029889171894965608,-35.062530482516536,148,0,***,per_sensor,NA,840999999917,NA,NA,3
nyc3,-1.0680888040377288,0.0295347726265015,-36.1637727009056,148,0,***,per_sensor,NA,840999999918,NA,NA,3
nyc3,-1.127218368889785,0.03070120042272557,-36.71577506316001,148,0,***,per_sensor,NA,840999999991,NA,NA,3
nyc3,-1.017988192533853,0.02789804957391205,-36.489582894920055,148,0,***,per_sensor,NA,840999999992,NA,NA,3
nyc3,-1.0318009315746184,0.030785417548012728,-33.515898557017415,148,0,***,per_sensor,NA,840999999993,NA,NA,3
nyc3,-1.0384350036272996,0.028808889285465582,-36.04564526377634,148,0,***,per_sensor,NA,840999999994,NA,NA,3
nyc3,-1.1182470949706018,0.031087040263799322,-35.97148797316655,148,0,***,per_sensor,NA,840999999995,NA,NA,3
nyc3,-1.1239448239607286,0.031135538519335006,-36.09845460879903,148,0,***,per_sensor,NA,840999999996,NA,NA,3
nyc3,-1.0297067155489126,0.028955014866821865,-35.56229275947646,148,0,***,per_sensor,NA,840999999997,NA,NA,3
nyc3,-1.049287360182966,0.029211610175423373,-35.920216444137125,148,0,***,per_sensor,NA,840999999998,NA,NA,3
nyc3,-1.0805672042372516,0.03271150434777959,-33.03324704204864,148,0,***,per_sensor,NA,840999999999,NA,NA,3
nyc3,-0.9018536041746243,0.028497179227347545,-31.647118368443756,115,0,***,per_week,NA,NA,1,NA,3
nyc3,-1.3819063536153633,0.026622010646080555,-51.90841413095203,202,0,***,per_week,NA,NA,2,NA,3
nyc3,-1.5093455419357076,0.030253830159523713,-49.889403555753596,202,0,***,per_week,NA,NA,3,NA,3
nyc3,-1.5346407544872716,0.03177506853696506,-48.297008477006734,202,0,***,per_week,NA,NA,4,NA,3
nyc3,-1.413030046908825,0.028987630665671196,-48.74596558808153,202,0,***,per_week,NA,NA,5,NA,3
nyc3,-1.2158686279801014,0.02488553784075913,-48.85844283376,202,0,***,per_week,NA,NA,6,NA,3
nyc3,-1.1997580234382363,0.025585018864322847,-46.892989596784886,202,0,***,per_week,NA,NA,7,NA,3
nyc3,-1.1334691459807984,0.02504492085168473,-45.25744571896109,202,0,***,per_week,NA,NA,8,NA,3
nyc3,-1.1701763770539575,0.02489628905499336,-47.002040122090385,202,0,***,per_week,NA,NA,9,NA,3
nyc3,-1.0223061634282384,0.023024170324226743,-44.40143332124921,202,0,***,per_week,NA,NA,10,NA,3
nyc3,-1.0993130418543389,0.024586406228423258,-44.712229662237974,202,0,***,per_week,NA,NA,11,NA,3
nyc3,-1.0048805594940442,0.02309870877045542,-43.50375466785158,202,0,***,per_week,NA,NA,12,NA,3
nyc3,-1.0961445428307524,0.026587116884446985,-41.22840951859577,202,0,***,per_week,NA,NA,13,NA,3
nyc3,-0.9424948959701466,0.022912698499778453,-41.13417265012498,202,0,***,per_week,NA,NA,14,NA,3
nyc3,-0.8880582635599185,0.022435294328487308,-39.583089508761326,202,0,***,per_week,NA,NA,15,NA,3
nyc3,-0.9639097196153974,0.026682062754018257,-36.125757161343714,197,0,***,per_week,NA,NA,16,NA,3
nyc3,-0.9279831947964335,0.025764587401088924,-36.01777821434132,195,0,***,per_week,NA,NA,17,NA,3
nyc3,-0.963534714234056,0.02828912517932355,-34.0602513554679,195,0,***,per_week,NA,NA,18,NA,3
nyc3,-0.8393274514788365,0.025231511446539276,-33.26504847944643,202,0,***,per_week,NA,NA,19,NA,3
nyc3,-0.7666094219596257,0.024473386021792432,-31.324207499403435,202,0,***,per_week,NA,NA,20,NA,3
nyc3,-0.617559066901568,0.020398854431316057,-30.274203337296203,202,0,***,per_week,NA,NA,21,NA,3
nyc3,-0.7028919244488712,0.03107256914728049,-22.620978687576244,144,0,***,per_week,NA,NA,22,NA,3
nyc3,-1.3853598679988037,0.014224165032389062,-97.39481121347208,811,0,***,per_month,NA,NA,NA,1,3
nyc3,-1.2305191116819247,0.013020988186466928,-94.50274388243722,811,0,***,per_month,NA,NA,NA,2,3
nyc3,-1.0607711743667743,0.011544580172625456,-91.88477696937635,898,0,***,per_month,NA,NA,NA,3,3
nyc3,-0.9302438409458436,0.011836144951966181,-78.59348163789718,856,0,***,per_month,NA,NA,NA,4,3
nyc3,-0.7852917679179909,0.011898049799176141,-66.00172138902688,892,0,***,per_month,NA,NA,NA,5,3
nyc3,-0.5135268734931253,0.04993125679387738,-10.284677503973713,28,5.1606718898256076e-11,***,per_month,NA,NA,NA,6,3
crz1,-3.814307050028534,0.023494562923394035,-162.34850005362506,893,0,***,overall,NA,NA,NA,NA,1
crz1,-3.8130981647158073,0.023492499391756235,-162.3113020513204,893,0,***,per_area,crz,NA,NA,NA,1
crz1,-3.815576419685383,0.05760322382690757,-66.2389388335424,148,0,***,per_sensor,NA,840999999913,NA,NA,1
crz1,-3.8134104984769346,0.05761558957862462,-66.1871296703993,148,0,***,per_sensor,NA,840999999914,NA,NA,1
crz1,-3.8115137933785057,0.05741879868421739,-66.38093935647194,148,0,***,per_sensor,NA,840999999916,NA,NA,1
crz1,-3.8147211744505802,0.05750525705271424,-66.3369119618695,148,0,***,per_sensor,NA,840999999991,NA,NA,1
crz1,-3.8133005336775336,0.05750748418432524,-66.30963930633783,148,0,***,per_sensor,NA,840999999995,NA,NA,1
crz1,-3.812401024476579,0.05772012716823939,-66.04976827865272,148,0,***,per_sensor,NA,840999999996,NA,NA,1
crz1,-2.122991023545374,0.11334847186478801,-18.729771902684877,23,1.9984014443252818e-15,***,per_week,NA,NA,1,NA,1
crz1,-3.371956331076682,0.1085219713663412,-31.07164649353685,41,0,***,per_week,NA,NA,2,NA,1
crz1,-3.5133858907942352,0.1165241849183132,-30.151559466021748,41,0,***,per_week,NA,NA,3,NA,1
crz1,-3.959940188438101,0.1293281170568227,-30.619329180353162,41,0,***,per_week,NA,NA,4,NA,1
crz1,-3.7971196246576526,0.12430360944303526,-30.547138909894347,41,0,***,per_week,NA,NA,5,NA,1
crz1,-3.3880415540752877,0.1101663009243132,-30.753883226077914,41,0,***,per_week,NA,NA,6,NA,1
crz1,-3.4766496922730536,0.10625496314282305,-32.719880459606394,41,0,***,per_week,NA,NA,7,NA,1
crz1,-3.514972083994397,0.10181643301558212,-34.52264020540242,41,0,***,per_week,NA,NA,8,NA,1
crz1,-3.7365090914178514,0.10206335639053926,-36.609702282573636,41,0,***,per_week,NA,NA,9,NA,1
crz1,-3.4626450177282457,0.09524835608153931,-36.35385596328799,41,0,***,per_week,NA,NA,10,NA,1
crz1,-3.7279705823048244,0.09796677012214079,-38.05341931408935,41,0,***,per_week,NA,NA,11,NA,1
crz1,-3.4937193825853505,0.09076035629700525,-38.49389232400611,41,0,***,per_week,NA,NA,12,NA,1
crz1,-4.059455205553375,0.10701507487890069,-37.933489371914135,41,0,***,per_week,NA,NA,13,NA,1
crz1,-3.8271451349279837,0.09712736532875876,-39.40336610566735,41,0,***,per_week,NA,NA,14,NA,1
crz1,-3.8381804983417513,0.09907566488849895,-38.73989140180174,41,0,***,per_week,NA,NA,15,NA,1
crz1,-4.254461992450685,0.11450534178999246,-37.155139890796924,41,0,***,per_week,NA,NA,16,NA,1
crz1,-4.193033841040202,0.1056705490620353,-39.6802503465618,41,0,***,per_week,NA,NA,17,NA,1
crz1,-4.605510508065234,0.12216814891800756,-37.69812793968251,41,0,***,per_week,NA,NA,18,NA,1
crz1,-4.369742132328995,0.11512216321498528,-37.95743591239426,41,0,***,per_week,NA,NA,19,NA,1
crz1,-4.409619789675524,0.11420772913379122,-38.6105198231354,41,0,***,per_week,NA,NA,20,NA,1
crz1,-3.814856326357756,0.09920534045682118,-38.45414277891784,41,0,***,per_week,NA,NA,21,NA,1
crz1,-4.431795483327038,0.1508164243664337,-29.385363709188933,29,0,***,per_week,NA,NA,22,NA,1
crz1,-3.4081862933452527,0.05725321192461747,-59.52829856659651,167,0,***,per_month,NA,NA,NA,1,1
crz1,-3.573971760695602,0.054716036490852604,-65.31854260483755,167,0,***,per_month,NA,NA,NA,2,1
crz1,-3.670114397691262,0.046548097249315266,-78.84563740669873,185,0,***,per_month,NA,NA,NA,3,1
crz1,-4.025899032542452,0.050312633563247805,-80.01765654905564,179,0,***,per_month,NA,NA,NA,4,1
crz1,-4.336930045943887,0.05502512283388626,-78.8172715040822,185,0,***,per_month,NA,NA,NA,5,1
crz1,-3.5228953355073025,0.2732144513371898,-12.894249620637721,5,4.9973082416610026e-5,***,per_month,NA,NA,NA,6,1
crz2,-2.9228496963864172,0.023180160175570546,-126.09273077702,893,0,***,overall,NA,NA,NA,NA,2
crz2,-2.9224430506014216,0.023186950435825755,-126.03826702825074,893,0,***,per_area,crz,NA,NA,NA,2
crz2,-2.9065816668634183,0.056701350656970746,-51.261242160658995,148,0,***,per_sensor,NA,840999999913,NA,NA,2
crz2,-2.9357651189138028,0.05700741260031578,-51.497954125662964,148,0,***,per_sensor,NA,840999999914,NA,NA,2
crz2,-2.9119123347164875,0.05654290961963485,-51.49915974089365,148,0,***,per_sensor,NA,840999999916,NA,NA,2
crz2,-2.9378174781547375,0.057200062215350525,-51.360389558568144,148,0,***,per_sensor,NA,840999999991,NA,NA,2
crz2,-2.9060401396840647,0.05649870399282978,-51.43551859265424,148,0,***,per_sensor,NA,840999999995,NA,NA,2
crz2,-2.9378085158749188,0.05664359453003239,-51.86479672149505,148,0,***,per_sensor,NA,840999999996,NA,NA,2
crz2,-0.8911029484677234,0.1107298315436734,-8.047541805536477,23,3.8740114671753645e-8,***,per_week,NA,NA,1,NA,2
crz2,-1.4709360307562331,0.10389770902285343,-14.157540571300611,41,0,***,per_week,NA,NA,2,NA,2
crz2,-1.7340580506037233,0.11680762623294247,-14.845418116327396,41,0,***,per_week,NA,NA,3,NA,2
crz2,-1.9604505725475223,0.122944713243395,-15.945789947603496,41,0,***,per_week,NA,NA,4,NA,2
crz2,-2.08713573891178,0.12099115840966218,-17.250316191245794,41,0,***,per_week,NA,NA,5,NA,2
crz2,-1.9737225641899097,0.10503360740057748,-18.79134319992001,41,0,***,per_week,NA,NA,6,NA,2
crz2,-2.1329033397034096,0.10470841941760399,-20.36993158302624,41,0,***,per_week,NA,NA,7,NA,2
crz2,-2.2551508433647673,0.09925835862871703,-22.72000942308869,41,0,***,per_week,NA,NA,8,NA,2
crz2,-2.507238025228103,0.0988476852146066,-25.364660991146927,41,0,***,per_week,NA,NA,9,NA,2
crz2,-2.4031446409452295,0.09423395775125354,-25.501896538068962,41,0,***,per_week,NA,NA,10,NA,2
crz2,-2.8514798365383083,0.10094834544400137,-28.246919986619265,41,0,***,per_week,NA,NA,11,NA,2
crz2,-2.8197604458164487,0.094137997296436,-29.95347815757286,41,0,***,per_week,NA,NA,12,NA,2
crz2,-3.2737182894119816,0.10802182665577494,-30.306081564831285,41,0,***,per_week,NA,NA,13,NA,2
crz2,-3.2257297440886705,0.09856128210698542,-32.72816338354075,41,0,***,per_week,NA,NA,14,NA,2
crz2,-3.2825537396707585,0.09569123687789448,-34.30359818485174,41,0,***,per_week,NA,NA,15,NA,2
crz2,-3.7481307487922484,0.11177296328029043,-33.53342918352401,41,0,***,per_week,NA,NA,16,NA,2
crz2,-3.876711754427865,0.10521285705430687,-36.84636899867527,41,0,***,per_week,NA,NA,17,NA,2
crz2,-4.359244536913,0.12216352446993024,-35.68368345484334,41,0,***,per_week,NA,NA,18,NA,2
crz2,-4.207702397077751,0.11288214724561792,-37.275180351790254,41,0,***,per_week,NA,NA,19,NA,2
crz2,-4.375586182707329,0.11541748629127702,-37.91094680111765,41,0,***,per_week,NA,NA,20,NA,2
crz2,-3.8765261539822125,0.09785926489026466,-39.613276865805084,41,0,***,per_week,NA,NA,21,NA,2
crz2,-4.5460277809631755,0.14706776591840937,-30.911109260238796,29,0,***,per_week,NA,NA,22,NA,2
crz2,-1.6342630577865713,0.05563988777022587,-29.372148709852386,167,0,***,per_month,NA,NA,NA,1,2
crz2,-2.188562834387415,0.053077702980585326,-41.23318665820832,167,0,***,per_month,NA,NA,NA,2,2
crz2,-2.7699743137940387,0.046883782519558964,-59.08171578601751,185,0,***,per_month,NA,NA,NA,3,2
crz2,-3.5302254593815388,0.04984280407324558,-70.82718408446203,179,0,***,per_month,NA,NA,NA,4,2
crz2,-4.2907363981320055,0.05464868213744161,-78.51491070435678,185,0,***,per_month,NA,NA,NA,5,2
crz2,-3.501689256163373,0.2474208830735113,-14.152763552795927,5,3.170611120983935e-5,***,per_month,NA,NA,NA,6,2
crz3,-3.0484991885325163,0.022015429322034444,-138.47103065491365,893,0,***,overall,NA,NA,NA,NA,3
crz3,-3.0478420314235994,0.02205502500562716,-138.19263549444932,893,0,***,per_area,crz,NA,NA,NA,3
crz3,-2.816067855415272,0.05109862567136787,-55.110442177571144,148,0,***,per_sensor,NA,840999999913,NA,NA,3
crz3,-2.9465318853849207,0.05226066723930485,-56.38144403883264,148,0,***,per_sensor,NA,840999999914,NA,NA,3
crz3,-3.2799331988382567,0.0581118138394313,-56.44176256313453,148,0,***,per_sensor,NA,840999999916,NA,NA,3
crz3,-3.087795448803139,0.053438737633644894,-57.78196839101736,148,0,***,per_sensor,NA,840999999991,NA,NA,3
crz3,-3.1988658146046567,0.05617523128342409,-56.94441734410023,148,0,***,per_sensor,NA,840999999995,NA,NA,3
crz3,-2.9624462076391622,0.05185665742369786,-57.12759662533436,148,0,***,per_sensor,NA,840999999996,NA,NA,3
crz3,-0.8344105503607651,0.10503635811445726,-7.944016389558316,23,4.8373674843560366e-8,***,per_week,NA,NA,1,NA,3
crz3,-1.3889321566063035,0.09772517842939027,-14.212633621435174,41,0,***,per_week,NA,NA,2,NA,3
crz3,-1.6736283750196586,0.10989523750774687,-15.229307593076353,41,0,***,per_week,NA,NA,3,NA,3
crz3,-1.932157261943158,0.11692104931469299,-16.52531578589204,41,0,***,per_week,NA,NA,4,NA,3
crz3,-2.0634572837267102,0.11437194573022078,-18.041638362907364,41,0,***,per_week,NA,NA,5,NA,3
crz3,-1.9861888223267847,0.09973978687400913,-19.913706300934148,41,0,***,per_week,NA,NA,6,NA,3
crz3,-2.1501817410638164,0.09852942375620091,-21.82273740262787,41,0,***,per_week,NA,NA,7,NA,3
crz3,-2.2751243368155016,0.09339215710723348,-24.36097855843708,41,0,***,per_week,NA,NA,8,NA,3
crz3,-2.5696853678098392,0.09448297380317054,-27.19733793691842,41,0,***,per_week,NA,NA,9,NA,3
crz3,-2.497468875297901,0.08970843000957443,-27.83984598806768,41,0,***,per_week,NA,NA,10,NA,3
crz3,-2.9798422286194084,0.09631921548299635,-30.937152194158525,41,0,***,per_week,NA,NA,11,NA,3
crz3,-2.9552799376237298,0.09010805558055751,-32.79706701674058,41,0,***,per_week,NA,NA,12,NA,3
crz3,-3.447210286983889,0.10335744937697305,-33.352315752403726,41,0,***,per_week,NA,NA,13,NA,3
crz3,-3.413105956094493,0.09487959464461788,-35.97302421957706,41,0,***,per_week,NA,NA,14,NA,3
crz3,-3.4926451303498647,0.09272979467997837,-37.66475642918655,41,0,***,per_week,NA,NA,15,NA,3
crz3,-3.981708081495774,0.1064328199861481,-37.41052883888617,41,0,***,per_week,NA,NA,16,NA,3
crz3,-4.125864764297039,0.10002842908906653,-41.246921518914576,41,0,***,per_week,NA,NA,17,NA,3
crz3,-4.638656408282725,0.11590840244172339,-40.020018484983915,41,0,***,per_week,NA,NA,18,NA,3
crz3,-4.484159762798381,0.10621908755064216,-42.21613898406409,41,0,***,per_week,NA,NA,19,NA,3
crz3,-4.682097170854811,0.10976439293218847,-42.65588362291013,41,0,***,per_week,NA,NA,20,NA,3
crz3,-4.161440844463547,0.09292191885240335,-44.78427582918898,41,0,***,per_week,NA,NA,21,NA,3
crz3,-4.878913861321174,0.1389594650100017,-35.110338550670235,29,0,***,per_week,NA,NA,22,NA,3
crz3,-1.5787553965810583,0.05265698043784693,-29.981882429519946,167,0,***,per_month,NA,NA,NA,1,3
crz3,-2.206951086839067,0.05029661472015728,-43.87872025022375,167,0,***,per_month,NA,NA,NA,2,3
crz3,-2.8918858539307797,0.0448464765921931,-64.48412614948218,185,0,***,per_month,NA,NA,NA,3,3
crz3,-3.74655281163083,0.04757623192816066,-78.74841406709265,179,0,***,per_month,NA,NA,NA,4,3
crz3,-4.588918761156068,0.05157651875943946,-88.97302244378815,185,0,***,per_month,NA,NA,NA,5,3
crz3,-3.7404127200943575,0.23452046127331824,-15.949195647091754,5,1.7639627726495632e-5,***,per_month,NA,NA,NA,6,3
