date,Region,Value,running_var
2019-06-06,CBD,16.465,-67.02258726899385
2019-06-07,CBD,14.593333333333334,-66.98973305954826
2019-06-08,CBD,7.273333333333333,-66.95687885010267
2019-06-09,CBD,6.355,-66.92402464065708
2019-06-10,CBD,12.345,-66.89117043121149
2019-06-11,CBD,10.37,-66.85831622176592
2019-06-12,CBD,9.358333333333333,-66.82546201232033
2019-06-13,CBD,11.02,-66.79260780287474
2019-06-14,CBD,9.92,-66.75975359342915
2019-06-15,CBD,8.203333333333333,-66.72689938398358
2019-06-16,CBD,12.33,-66.69404517453799
2019-06-17,CBD,17.195,-66.6611909650924
2019-06-18,CBD,26.43,-66.62833675564681
2019-06-19,CBD,15.061666666666667,-66.59548254620123
2019-06-20,CBD,33.221666666666664,-66.56262833675565
2019-06-21,CBD,9.7,-66.52977412731006
2019-06-22,CBD,9.185,-66.49691991786447
2019-06-23,CBD,7.196666666666666,-66.46406570841889
2019-06-24,CBD,10.703333333333333,-66.43121149897331
2019-06-25,CBD,24.26,-66.39835728952772
2019-06-26,CBD,11.533333333333333,-66.36550308008214
2019-06-27,CBD,9.988333333333333,-66.33264887063655
2019-06-28,CBD,12.443333333333333,-66.29979466119096
2019-06-29,CBD,9.623333333333333,-66.26694045174538
2019-06-30,CBD,9.791666666666666,-66.2340862422998
2019-07-01,CBD,12.088333333333333,-66.20123203285421
2019-07-02,CBD,10.586666666666668,-66.16837782340862
2019-07-03,CBD,16.486666666666668,-66.13552361396304
2019-07-04,CBD,10.82,-66.10266940451746
2019-07-05,CBD,15.916666666666666,-66.06981519507187
2019-07-06,CBD,16.558,-66.03696098562628
2019-07-07,CBD,18.491666666666667,-66.00410677618069
2019-07-08,CBD,15.308333333333334,-65.97125256673512
2019-07-09,CBD,13.383333333333333,-65.93839835728953
2019-07-10,CBD,24.1,-65.90554414784394
2019-07-11,CBD,13.683333333333334,-65.87268993839835
2019-07-12,CBD,15.258333333333333,-65.83983572895278
2019-07-13,CBD,11.681666666666667,-65.80698151950719
2019-07-14,CBD,11.09,-65.7741273100616
2019-07-15,CBD,8.745000000000001,-65.74127310061601
2019-07-16,CBD,13.811666666666667,-65.70841889117042
2019-07-17,CBD,22.448333333333334,-65.67556468172485
2019-07-18,CBD,27.09,-65.64271047227926
2019-07-19,CBD,22.088333333333335,-65.60985626283367
2019-07-20,CBD,11.566,-65.57700205338809
2019-07-21,CBD,11.344999999999999,-65.54414784394251
2019-07-22,CBD,10.278333333333334,-65.51129363449692
2019-07-23,CBD,12.945,-65.47843942505133
2019-07-24,CBD,15.605,-65.44558521560575
2019-07-25,CBD,14.645,-65.41273100616016
2019-07-26,CBD,14.461666666666666,-65.37987679671458
2019-07-27,CBD,15.566666666666666,-65.347022587269
2019-07-28,CBD,14.475,-65.3141683778234
2019-07-29,CBD,19.198333333333334,-65.28131416837782
2019-07-30,CBD,21.016666666666666,-65.24845995893224
2019-07-31,CBD,24.263333333333332,-65.21560574948666
2019-08-01,CBD,13.855,-65.18275154004107
2019-08-02,CBD,16.536666666666665,-65.14989733059548
2019-08-03,CBD,11.29,-65.11704312114989
2019-08-04,CBD,11.336666666666666,-65.08418891170432
2019-08-05,CBD,16.311666666666667,-65.05133470225873
2019-08-06,CBD,22.759999999999998,-65.01848049281314
2019-08-07,CBD,18.088333333333335,-64.98562628336755
2019-08-08,CBD,18.221666666666668,-64.95277207392198
2019-08-09,CBD,13.231666666666667,-64.91991786447639
2019-08-10,CBD,6.773333333333333,-64.8870636550308
2019-08-11,CBD,6.158333333333333,-64.85420944558521
2019-08-12,CBD,11.015,-64.82135523613962
2019-08-13,CBD,18.615000000000002,-64.78850102669405
2019-08-14,CBD,25.033333333333335,-64.75564681724846
2019-08-15,CBD,20.39666666666667,-64.72279260780287
2019-08-16,CBD,18.641666666666666,-64.68993839835728
2019-08-17,CBD,14.48,-64.65708418891171
2019-08-18,CBD,17.183333333333334,-64.62422997946612
2019-08-19,CBD,17.697499999999998,-64.59137577002053
2019-08-20,CBD,13.098333333333334,-64.55852156057495
2019-08-21,CBD,17.36,-64.52566735112936
2019-08-22,CBD,12.636666666666667,-64.49281314168378
2019-08-23,CBD,12.923333333333332,-64.4599589322382
2019-08-24,CBD,7.8533333333333335,-64.4271047227926
2019-08-25,CBD,7.476666666666667,-64.39425051334702
2019-08-26,CBD,10.065000000000001,-64.36139630390144
2019-08-27,CBD,10.608333333333334,-64.32854209445586
2019-08-28,CBD,12.629999999999999,-64.29568788501027
2019-08-29,CBD,10.483333333333334,-64.26283367556468
2019-08-30,CBD,10.4,-64.22997946611909
2019-08-31,CBD,7.455,-64.19712525667352
2019-09-01,CBD,7.5649999999999995,-64.16427104722793
2019-09-02,CBD,11.005,-64.13141683778234
2019-09-03,CBD,13.653333333333334,-64.09856262833675
2019-09-04,CBD,19.055,-64.06570841889118
2019-09-05,CBD,11.415,-64.03285420944559
2019-09-06,CBD,14.771666666666667,-64
2019-09-07,CBD,9.128333333333334,-63.96714579055441
2019-09-08,CBD,7.695,-63.93429158110883
2019-09-09,CBD,11.66,-63.90143737166324
2019-09-10,CBD,13.261666666666667,-63.86858316221766
2019-09-11,CBD,18.386,-63.83572895277207
2019-09-12,CBD,17.565,-63.80287474332649
2019-09-13,CBD,9.758333333333333,-63.7700205338809
2019-09-14,CBD,9.795,-63.73716632443532
2019-09-15,CBD,6.95,-63.70431211498973
2019-09-16,CBD,12.74,-63.671457905544145
2019-09-17,CBD,8.808333333333334,-63.63860369609856
2019-09-18,CBD,10.965,-63.605749486652975
2019-09-19,CBD,11.495,-63.572895277207394
2019-09-20,CBD,12.366666666666667,-63.540041067761805
2019-09-21,CBD,9.776666666666667,-63.507186858316224
2019-09-22,CBD,13.881666666666666,-63.474332648870636
2019-09-23,CBD,20.91,-63.441478439425055
2019-09-24,CBD,7.833333333333333,-63.408624229979466
2019-09-25,CBD,12.283333333333333,-63.37577002053388
2019-09-26,CBD,13.343333333333334,-63.3429158110883
2019-09-27,CBD,11.225,-63.31006160164271
2019-09-28,CBD,8.321666666666667,-63.27720739219713
2019-09-29,CBD,5.493333333333333,-63.24435318275154
2019-09-30,CBD,9.546666666666667,-63.21149897330596
2019-10-01,CBD,14.76,-63.17864476386037
2019-10-02,CBD,15.488333333333333,-63.14579055441479
2019-10-03,CBD,11.103333333333333,-63.1129363449692
2019-10-04,CBD,9.331666666666667,-63.08008213552361
2019-10-05,CBD,7.0616666666666665,-63.04722792607803
2019-10-06,CBD,10.256666666666666,-63.01437371663244
2019-10-07,CBD,9.326666666666666,-62.98151950718686
2019-10-08,CBD,12.141666666666666,-62.94866529774127
2019-10-09,CBD,11.051666666666668,-62.91581108829569
2019-10-10,CBD,9.505,-62.8829568788501
2019-10-11,CBD,10.438333333333333,-62.85010266940452
2019-10-12,CBD,10.376666666666667,-62.81724845995893
2019-10-13,CBD,8.51,-62.784394250513344
2019-10-14,CBD,12.79,-62.75154004106776
2019-10-15,CBD,9.311666666666667,-62.718685831622174
2019-10-16,CBD,13.451666666666666,-62.68583162217659
2019-10-17,CBD,7.16,-62.652977412731005
2019-10-18,CBD,8.843333333333334,-62.620123203285424
2019-10-19,CBD,9.303333333333333,-62.587268993839835
2019-10-20,CBD,17.706666666666667,-62.554414784394254
2019-10-21,CBD,15.008333333333333,-62.521560574948666
2019-10-22,CBD,13.69,-62.48870636550308
2019-10-23,CBD,8.528333333333332,-62.455852156057496
2019-10-24,CBD,11.95,-62.42299794661191
2019-10-25,CBD,22.921666666666667,-62.390143737166326
2019-10-26,CBD,8.4783333333333335,-62.35728952772074
2019-10-27,CBD,7.818333333333333,-62.32443531827516
2019-10-28,CBD,13.555,-62.29158110882957
2019-10-29,CBD,15.155,-62.25872689938399
2019-10-30,CBD,18.916,-62.2258726899384
2019-10-31,CBD,12.496666666666666,-62.19301848049281
2019-11-01,CBD,7.905,-62.16016427104723
2019-11-02,CBD,10.115,-62.12731006160164
2019-11-03,CBD,8.671666666666667,-62.09445585215606
2019-11-04,CBD,10.928333333333333,-62.06160164271047
2019-11-05,CBD,13.456666666666667,-62.02874743326489
2019-11-06,CBD,11.338333333333333,-61.9958932238193
2019-11-07,CBD,16.335,-61.96303901437371
2019-11-08,CBD,8.023333333333333,-61.93018480492813
2019-11-09,CBD,7.958333333333333,-61.89733059548254
2019-11-10,CBD,11.371666666666666,-61.86447638603696
2019-11-11,CBD,24.651666666666667,-61.831622176591374
2019-11-12,CBD,9.263333333333334,-61.79876796714579
2019-11-13,CBD,9.585,-61.765913757700204
2019-11-14,CBD,14.598333333333333,-61.73305954825462
2019-11-15,CBD,21.51,-61.700205338809035
2019-11-16,CBD,5.8999999999999995,-61.667351129363446
2019-11-17,CBD,6.861666666666666,-61.634496919917865
2019-11-18,CBD,12.833333333333334,-61.60164271047228
2019-11-19,CBD,16.243333333333332,-61.568788501026695
2019-11-20,CBD,13.965,-61.53593429158111
2019-11-21,CBD,20.963333333333335,-61.503080082135526
2019-11-22,CBD,24.621666666666666,-61.47022587268994
2019-11-23,CBD,10.425,-61.437371663244356
2019-11-24,CBD,7.306666666666667,-61.40451745379877
2019-11-25,CBD,30.848333333333333,-61.37166324435318
2019-11-26,CBD,27.62,-61.3388090349076
2019-11-27,CBD,17.898333333333333,-61.30595482546201
2019-11-28,CBD,5.256666666666667,-61.27310061601643
2019-11-29,CBD,10.036666666666667,-61.24024640657084
2019-11-30,CBD,10.153333333333332,-61.20739219712526
2019-12-01,CBD,13.565,-61.17453798767967
2019-12-02,CBD,13.805,-61.14168377823409
2019-12-03,CBD,12.465,-61.1088295687885
2019-12-04,CBD,33.025999999999996,-61.07597535934291
2019-12-05,CBD,10.205,-61.04312114989733
2019-12-06,CBD,16.201666666666668,-61.01026694045174
2019-12-07,CBD,8.16,-60.97741273100616
2019-12-08,CBD,9.251666666666667,-60.94455852156057
2019-12-09,CBD,21.736666666666668,-60.91170431211499
2019-12-10,CBD,19.98,-60.878850102669404
2019-12-11,CBD,14.404,-60.84599589322382
2019-12-12,CBD,22.456666666666667,-60.813141683778234
2019-12-13,CBD,29.508,-60.780287474332646
2019-12-14,CBD,32.15,-60.747433264887064
2019-12-15,CBD,11.565,-60.714579055441476
2019-12-16,CBD,14.475,-60.681724845995895
2019-12-17,CBD,19.21666666666667,-60.648870636550306
2019-12-18,CBD,22.764,-60.616016427104725
2019-12-19,CBD,18.313333333333333,-60.58316221765914
2019-12-20,CBD,19.13,-60.550308008213555
2019-12-21,CBD,25.248333333333335,-60.51745379876797
2019-12-23,CBD,35.28,-60.4517453798768
2019-12-24,CBD,10.873333333333333,-60.41889117043121
2019-12-25,CBD,15.421666666666667,-60.38603696098563
2019-12-26,CBD,31.9075,-60.35318275154004
2019-12-27,CBD,17.975,-60.32032854209446
2019-12-28,CBD,29.181666666666665,-60.28747433264887
2019-12-29,CBD,31.83833333333333,-60.25462012320329
2019-12-30,CBD,16.115,-60.2217659137577
2019-12-31,CBD,17.419999999999998,-60.18891170431211
2020-01-01,CBD,6.843333333333333,-60.15605749486653
2020-01-02,CBD,26.506666666666668,-60.12320328542094
2020-01-03,CBD,28.873333333333335,-60.09034907597536
2020-01-04,CBD,24.42,-60.05749486652977
2020-01-05,CBD,6.43,-60.02464065708419
2020-01-06,CBD,23.598333333333333,-59.9917864476386
2020-01-07,CBD,20.26,-59.95893223819302
2020-01-08,CBD,18.630000000000003,-59.92607802874743
2020-01-09,CBD,14.493333333333334,-59.893223819301845
2020-01-10,CBD,17.991666666666667,-59.860369609856264
2020-01-11,CBD,9.2716666666666665,-59.827515400410675
2020-01-12,CBD,5.583333333333333,-59.794661190965094
2020-01-13,CBD,13.96,-59.761806981519506
2020-01-14,CBD,22.358333333333334,-59.728952772073924
2020-01-15,CBD,22.375,-59.696098562628336
2020-01-16,CBD,8.898333333333333,-59.663244353182755
2020-01-17,CBD,10.091666666666667,-59.630390143737166
2020-01-18,CBD,10.918333333333333,-59.59753593429158
2020-01-19,CBD,6.248333333333333,-59.564681724846
2020-01-20,CBD,9.13,-59.53182751540041
2020-01-21,CBD,14.55,-59.49897330595483
2020-01-22,CBD,16.636666666666667,-59.46611909650924
2020-01-23,CBD,32.27166666666667,-59.43326488706366
2020-01-24,CBD,29.36,-59.40041067761807
2020-01-25,CBD,8.741666666666667,-59.36755646817249
2020-01-26,CBD,7.255,-59.3347022587269
2020-01-27,CBD,14.185,-59.30184804928131
2020-01-28,CBD,8.766666666666666,-59.26899383983573
2020-01-29,CBD,9.966666666666667,-59.23613963039014
2020-01-30,CBD,12.91,-59.20328542094456
2020-01-31,CBD,12.903333333333334,-59.17043121149897
2020-02-01,CBD,25.825,-59.13757700205339
2020-02-02,CBD,11.608333333333333,-59.1047227926078
2020-02-03,CBD,13.401666666666667,-59.07186858316222
2020-02-04,CBD,23.2125,-59.03901437371663
2020-02-05,CBD,9.01875,-59.006160164271044
2020-02-06,CBD,13.012222222222222,-58.97330595482546
2020-02-07,CBD,9.36111111111111,-58.940451745379875
2020-02-08,CBD,10.008888888888889,-58.90759753593429
2020-02-09,CBD,14.158888888888889,-58.874743326488705
2020-02-10,CBD,18.357777777777777,-58.841889117043124
2020-02-11,CBD,27.513333333333332,-58.809034907597535
2020-02-12,CBD,18.648888888888887,-58.776180698151954
2020-02-13,CBD,32.34875,-58.743326488706366
2020-02-14,CBD,11.313333333333333,-58.71047227926078
2020-02-15,CBD,14.47111111111111,-58.677618069815196
2020-02-16,CBD,18.995555555555555,-58.64476386036961
2020-02-17,CBD,15.253333333333334,-58.61190965092403
2020-02-18,CBD,14.693333333333333,-58.57905544147844
2020-02-19,CBD,9.40857142857143,-58.54620123203286
2020-02-20,CBD,10.61888888888889,-58.51334702258727
2020-02-21,CBD,12.166666666666666,-58.48049281314169
2020-02-22,CBD,13.964444444444444,-58.4476386036961
2020-02-23,CBD,14.15,-58.41478439425051
2020-02-24,CBD,22.521250000000002,-58.38193018480493
2020-02-25,CBD,24.90111111111111,-58.34907597535934
2020-02-26,CBD,14.758888888888889,-58.31622176591376
2020-02-27,CBD,7.173333333333334,-58.28336755646817
2020-02-28,CBD,15.188888888888888,-58.25051334702259
2020-02-29,CBD,7.636666666666667,-58.217659137577
2020-03-01,CBD,9.13888888888889,-58.18480492813142
2020-03-02,CBD,15.945454545454545,-58.15195071868583
2020-03-03,CBD,16.635,-58.119096509240244
2020-03-04,CBD,8.373333333333333,-58.08624229979466
2020-03-05,CBD,8.873333333333333,-58.053388090349074
2020-03-06,CBD,11.236666666666666,-58.02053388090349
2020-03-07,CBD,6.036666666666666,-57.987679671457904
2020-03-08,CBD,7.595,-57.95482546201232
2020-03-09,CBD,12.638333333333334,-57.921971252566735
2020-03-10,CBD,11.386666666666667,-57.889117043121146
2020-03-11,CBD,8.7825,-57.856262833675565
2020-03-12,CBD,11.50090909090909,-57.82340862422998
2020-03-13,CBD,19.22,-57.790554414784395
2020-03-14,CBD,5.368333333333333,-57.75770020533881
2020-03-15,CBD,5.599166666666667,-57.724845995893226
2020-03-16,CBD,8.5725,-57.69199178644764
2020-03-17,CBD,11.656666666666666,-57.659137577002056
2020-03-18,CBD,13.475833333333334,-57.62628336755647
2020-03-19,CBD,8.038333333333334,-57.59342915811088
2020-03-20,CBD,30.89875,-57.5605749486653
2020-03-21,CBD,5.18,-57.52772073921971
2020-03-22,CBD,7.26,-57.49486652977413
2020-03-23,CBD,5.970833333333333,-57.46201232032854
2020-03-24,CBD,4.269166666666667,-57.42915811088296
2020-03-25,CBD,8.4783333333333335,-57.39630390143737
2020-03-26,CBD,11.435,-57.36344969199179
2020-03-27,CBD,5.5575,-57.3305954825462
2020-03-28,CBD,6.841666666666667,-57.29774127310061
2020-03-29,CBD,4.2125,-57.26488706365503
2020-03-30,CBD,21.505,-57.23203285420944
2020-03-31,CBD,5.3966666666666665,-57.19917864476386
2020-04-01,CBD,5.7491666666666665,-57.16632443531827
2020-04-02,CBD,3.498181818181818,-57.13347022587269
2020-04-03,CBD,2.89,-57.100616016427104
2020-04-04,CBD,4.361666666666666,-57.06776180698152
2020-04-05,CBD,14.233,-57.034907597535934
2020-04-06,CBD,4.815333333333333,-57.002053388090346
2020-04-07,CBD,6.668,-56.969199178644764
2020-04-08,CBD,12.78357142857143,-56.936344969199176
2020-04-09,CBD,7.679333333333333,-56.903490759753595
2020-04-10,CBD,2.974666666666667,-56.87063655030801
2020-04-11,CBD,4.996666666666667,-56.837782340862425
2020-04-12,CBD,7.1786666666666665,-56.80492813141684
2020-04-13,CBD,8.272666666666666,-56.772073921971256
2020-04-14,CBD,5.121333333333333,-56.73921971252567
2020-04-15,CBD,5.6226666666666665,-56.70636550308008
2020-04-16,CBD,4.454666666666666,-56.6735112936345
2020-04-17,CBD,11.202,-56.64065708418891
2020-04-18,CBD,3.5033333333333334,-56.60780287474333
2020-04-19,CBD,9.902,-56.57494866529774
2020-04-20,CBD,3.883076923076923,-56.54209445585216
2020-04-21,CBD,8.6175,-56.50924024640657
2020-04-22,CBD,4.756666666666667,-56.47638603696099
2020-04-23,CBD,13.419166666666667,-56.4435318275154
2020-04-24,CBD,9.256666666666666,-56.41067761806981
2020-04-25,CBD,13.339166666666666,-56.37782340862423
2020-04-26,CBD,6.1525,-56.34496919917864
2020-04-27,CBD,3.4266666666666667,-56.31211498973306
2020-04-28,CBD,4.886666666666667,-56.27926078028747
2020-04-29,CBD,8.631666666666666,-56.24640657084189
2020-04-30,CBD,10.0425,-56.2135523613963
2020-05-01,CBD,9.766666666666666,-56.18069815195072
2020-05-02,CBD,5.071666666666667,-56.14784394250513
2020-05-03,CBD,7.993333333333333,-56.114989733059545
2020-05-04,CBD,4.0075,-56.082135523613964
2020-05-05,CBD,5.133333333333333,-56.049281314168375
2020-05-06,CBD,6.993333333333333,-56.016427104722794
2020-05-07,CBD,5.275,-55.983572895277206
2020-05-08,CBD,7.354166666666667,-55.950718685831625
2020-05-09,CBD,3.7199999999999998,-55.917864476386036
2020-05-10,CBD,5.799166666666666,-55.885010266940455
2020-05-11,CBD,6.677272727272727,-55.85215605749487
2020-05-12,CBD,5.465833333333333,-55.81930184804928
2020-05-13,CBD,5.775,-55.7864476386037
2020-05-14,CBD,6.576666666666666,-55.75359342915811
2020-05-15,CBD,10.091666666666667,-55.72073921971253
2020-05-16,CBD,3.370833333333333,-55.68788501026694
2020-05-17,CBD,3.6825,-55.65503080082136
2020-05-18,CBD,5.445,-55.62217659137577
2020-05-19,CBD,5.591111111111111,-55.58932238193019
2020-05-20,CBD,5.687,-55.5564681724846
2020-05-21,CBD,7.453333333333333,-55.52361396303901
2020-05-22,CBD,6.75,-55.49075975359343
2020-05-23,CBD,7.3225,-55.45790554414784
2020-05-24,CBD,6.535,-55.42505133470226
2020-05-25,CBD,6.868333333333333,-55.39219712525667
2020-05-26,CBD,7.685833333333333,-55.35934291581109
2020-05-27,CBD,5.2875,-55.3264887063655
2020-05-28,CBD,7.0025,-55.29363449691992
2020-05-29,CBD,10.199166666666667,-55.26078028747433
2020-05-30,CBD,3.77,-55.227926078028744
2020-05-31,CBD,2.1641666666666666,-55.19507186858316
2020-06-01,CBD,4.1175,-55.162217659137575
2020-06-02,CBD,5.4325,-55.129363449691994
2020-06-03,CBD,9.283333333333333,-55.096509240246405
2020-06-04,CBD,7.733333333333333,-55.063655030800824
2020-06-05,CBD,10.914166666666667,-55.030800821355236
2020-06-06,CBD,12.916666666666666,-54.997946611909654
2020-06-07,CBD,3.5225,-54.965092402464066
2020-06-08,CBD,3.5583333333333336,-54.93223819301848
2020-06-09,CBD,6.465454545454546,-54.899383983572896
2020-06-10,CBD,12.291,-54.86652977412731
2020-06-11,CBD,10.166666666666668,-54.83367556468173
2020-06-12,CBD,4.4075,-54.80082135523614
2020-06-13,CBD,3.71,-54.76796714579056
2020-06-14,CBD,4.695833333333333,-54.73511293634497
2020-06-15,CBD,5.2325,-54.70225872689939
2020-06-16,CBD,4.960909090909091,-54.6694045174538
2020-06-17,CBD,4.870833333333334,-54.63655030800821
2020-06-18,CBD,5.499090909090909,-54.60369609856263
2020-06-19,CBD,7.816666666666666,-54.57084188911704
2020-06-20,CBD,7.67,-54.53798767967146
2020-06-21,CBD,4.068333333333333,-54.50513347022587
2020-06-22,CBD,7.1475,-54.47227926078029
2020-06-23,CBD,9.4425,-54.4394250513347
2020-06-24,CBD,4.866666666666667,-54.40657084188912
2020-06-25,CBD,5.471666666666667,-54.37371663244353
2020-06-26,CBD,5.1241666666666665,-54.340862422997944
2020-06-27,CBD,9.038333333333334,-54.30800821355236
2020-06-28,CBD,8.474166666666667,-54.275154004106774
2020-06-29,CBD,5.9725,-54.24229979466119
2020-06-30,CBD,4.996666666666666,-54.209445585215605
2020-07-01,CBD,6.126666666666667,-54.17659137577002
2020-07-02,CBD,11.879166666666666,-54.143737166324435
2020-07-03,CBD,13.29,-54.110882956878854
2020-07-04,CBD,11.614166666666666,-54.078028747433265
2020-07-05,CBD,17.8775,-54.04517453798768
2020-07-06,CBD,12.975,-54.012320328542096
2020-07-07,CBD,12.195,-53.97946611909651
2020-07-08,CBD,12.21,-53.946611909650926
2020-07-09,CBD,9.169166666666667,-53.91375770020534
2020-07-10,CBD,6.263333333333334,-53.880903490759756
2020-07-11,CBD,12.7225,-53.84804928131417
2020-07-12,CBD,6.405,-53.81519507186858
2020-07-13,CBD,6.9275,-53.782340862423
2020-07-14,CBD,5.3308333333333335,-53.74948665297741
2020-07-15,CBD,9.043333333333333,-53.71663244353183
2020-07-16,CBD,5.471666666666667,-53.68377823408624
2020-07-17,CBD,11.855833333333333,-53.65092402464066
2020-07-18,CBD,7.3774999999999995,-53.61806981519507
2020-07-19,CBD,11.769166666666667,-53.58521560574949
2020-07-20,CBD,8.715833333333334,-53.5523613963039
2020-07-21,CBD,7.32,-53.51950718685831
2020-07-22,CBD,12.990833333333333,-53.48665297741273
2020-07-23,CBD,12.053333333333333,-53.45379876796714
2020-07-24,CBD,8.89,-53.42094455852156
2020-07-25,CBD,10.574166666666667,-53.38809034907597
2020-07-26,CBD,7.631666666666667,-53.35523613963039
2020-07-27,CBD,7.78,-53.322381930184804
2020-07-28,CBD,6.246666666666666,-53.28952772073922
2020-07-29,CBD,9.541666666666666,-53.256673511293634
2020-07-30,CBD,8.448333333333334,-53.223819301848046
2020-07-31,CBD,8.869166666666667,-53.190965092402465
2020-08-01,CBD,7.933333333333334,-53.158110882956876
2020-08-02,CBD,9.349166666666667,-53.125256673511295
2020-08-03,CBD,5.928333333333333,-53.09240246406571
2020-08-04,CBD,11.8375,-53.059548254620125
2020-08-05,CBD,8.8725,-53.02669404517454
2020-08-06,CBD,16.53333333333333,-52.993839835728956
2020-08-07,CBD,12.84,-52.96098562628337
2020-08-08,CBD,9.5425,-52.92813141683778
2020-08-09,CBD,12.230833333333333,-52.8952772073922
2020-08-10,CBD,18.3325,-52.86242299794661
2020-08-11,CBD,13.006666666666666,-52.82956878850103
2020-08-12,CBD,27.730833333333333,-52.79671457905544
2020-08-13,CBD,13.951,-52.76386036960986
2020-08-14,CBD,10.060833333333333,-52.73100616016427
2020-08-15,CBD,8.9175,-52.69815195071869
2020-08-16,CBD,10.7275,-52.6652977412731
2020-08-17,CBD,10.903333333333334,-52.63244353182751
2020-08-18,CBD,6.428888888888889,-52.59958932238193
2020-08-19,CBD,10.648666666666667,-52.56673511293634
2020-08-20,CBD,5.407333333333334,-52.53388090349076
2020-08-21,CBD,11.552666666666667,-52.50102669404517
2020-08-22,CBD,12.204,-52.46817248459959
2020-08-23,CBD,9.846,-52.435318275154
2020-08-24,CBD,8.441333333333333,-52.40246406570842
2020-08-25,CBD,16.996,-52.369609856262834
2020-08-26,CBD,4.788666666666667,-52.336755646817245
2020-08-27,CBD,19.377333333333333,-52.303901437371664
2020-08-28,CBD,14.99,-52.271047227926076
2020-08-29,CBD,7.819333333333334,-52.238193018480494
2020-08-30,CBD,4.016666666666667,-52.205338809034906
2020-08-31,CBD,5.438666666666666,-52.172484599589325
2020-09-01,CBD,5.968666666666667,-52.139630390143736
2020-09-02,CBD,8.234666666666667,-52.106776180698155
2020-09-03,CBD,7.785833333333334,-52.07392197125257
2020-09-04,CBD,9.909285714285714,-52.04106776180698
2020-09-05,CBD,4.37,-52.0082135523614
2020-09-06,CBD,7.587857142857143,-51.97535934291581
2020-09-07,CBD,4.218666666666667,-51.94250513347023
2020-09-08,CBD,7.559285714285714,-51.90965092402464
2020-09-09,CBD,11.386666666666667,-51.87679671457906
2020-09-10,CBD,5.54,-51.84394250513347
2020-09-11,CBD,7.586666666666667,-51.81108829568789
2020-09-12,CBD,6.120666666666667,-51.7782340862423
2020-09-13,CBD,6.929333333333333,-51.74537987679671
2020-09-14,CBD,7.552,-51.71252566735113
2020-09-15,CBD,5.3500000000000005,-51.67967145790554
2020-09-16,CBD,5.713333333333334,-51.64681724845996
2020-09-17,CBD,9.595333333333333,-51.61396303901437
2020-09-18,CBD,15.038666666666666,-51.58110882956879
2020-09-19,CBD,4.742,-51.5482546201232
2020-09-20,CBD,4.05,-51.51540041067762
2020-09-21,CBD,4.965333333333334,-51.48254620123203
2020-09-22,CBD,6.038666666666667,-51.449691991786445
2020-09-23,CBD,13.786428571428571,-51.41683778234086
2020-09-24,CBD,18.406666666666666,-51.383983572895275
2020-09-25,CBD,24.68166666666667,-51.351129363449694
2020-09-26,CBD,6.942,-51.318275154004105
2020-09-27,CBD,6.784666666666666,-51.285420944558524
2020-09-28,CBD,10.487333333333334,-51.252566735112936
2020-09-29,CBD,13.072,-51.219712525667354
2020-09-30,CBD,5.268666666666666,-51.186858316221766
2020-10-01,CBD,7.0025,-51.15400410677618
2020-10-02,CBD,6.943333333333333,-51.121149897330596
2020-10-03,CBD,5.534666666666666,-51.08829568788501
2020-10-04,CBD,5.324666666666666,-51.05544147843943
2020-10-05,CBD,5.961333333333333,-51.02258726899384
2020-10-06,CBD,6.978666666666666,-50.98973305954826
2020-10-07,CBD,10.002666666666666,-50.95687885010267
2020-10-08,CBD,4.7973333333333334,-50.92402464065709
2020-10-09,CBD,6.2092307692307696,-50.8911704312115
2020-10-10,CBD,6.612,-50.85831622176591
2020-10-11,CBD,7.306,-50.82546201232033
2020-10-12,CBD,4.834666666666667,-50.79260780287474
2020-10-13,CBD,4.432666666666667,-50.75975359342916
2020-10-14,CBD,6.584,-50.72689938398357
2020-10-15,CBD,7.058666666666666,-50.69404517453799
2020-10-16,CBD,5.07,-50.6611909650924
2020-10-17,CBD,4.325333333333333,-50.62833675564682
2020-10-18,CBD,4.446666666666666,-50.59548254620123
2020-10-19,CBD,5.990666666666667,-50.562628336755644
2020-10-20,CBD,8.049333333333333,-50.52977412731006
2020-10-21,CBD,8.464,-50.496919917864474
2020-10-22,CBD,26.277333333333335,-50.46406570841889
2020-10-23,CBD,7.764,-50.431211498973305
2020-10-24,CBD,10.634,-50.39835728952772
2020-10-25,CBD,4.246666666666667,-50.365503080082135
2020-10-26,CBD,10.630666666666666,-50.332648870636554
2020-10-27,CBD,7.419333333333333,-50.299794661190965
2020-10-28,CBD,10.001333333333333,-50.26694045174538
2020-10-29,CBD,7.458666666666667,-50.234086242299796
2020-10-30,CBD,6.582,-50.20123203285421
2020-10-31,CBD,11.605333333333334,-50.168377823408626
2020-11-01,CBD,8.454666666666666,-50.13552361396304
2020-11-02,CBD,6.289285714285714,-50.10266940451746
2020-11-03,CBD,10.251666666666667,-50.06981519507187
2020-11-04,CBD,15.874166666666667,-50.03696098562629
2020-11-05,CBD,11.669166666666667,-50.0041067761807
2020-11-06,CBD,13.404166666666667,-49.97125256673511
2020-11-07,CBD,15.150833333333333,-49.93839835728953
2020-11-08,CBD,25.245,-49.90554414784394
2020-11-09,CBD,29.845,-49.87268993839836
2020-11-10,CBD,14.748333333333333,-49.83983572895277
2020-11-11,CBD,12.370000000000001,-49.80698151950719
2020-11-12,CBD,8.51,-49.7741273100616
2020-11-13,CBD,9.179,-49.74127310061601
2020-11-14,CBD,8.871,-49.70841889117043
2020-11-15,CBD,10.07090909090909,-49.67556468172484
2020-11-16,CBD,8.185454545454546,-49.64271047227926
2020-11-17,CBD,9.989090909090908,-49.609856262833674
2020-11-18,CBD,8.517272727272728,-49.57700205338809
2020-11-19,CBD,11.335,-49.544147843942504
2020-11-20,CBD,14.217142857142857,-49.51129363449692
2020-11-21,CBD,12.846428571428572,-49.478439425051334
2020-11-22,CBD,7.762142857142857,-49.445585215605746
2020-11-23,CBD,6.020714285714286,-49.412731006160165
2020-11-24,CBD,8.346,-49.379876796714576
2020-11-25,CBD,9.346666666666666,-49.347022587268995
2020-11-26,CBD,8.146,-49.31416837782341
2020-11-27,CBD,8.33,-49.281314168377826
2020-11-28,CBD,8.68,-49.24845995893224
2020-11-29,CBD,12.282666666666666,-49.215605749486656
2020-11-30,CBD,7.588666666666667,-49.18275154004107
2020-12-01,CBD,6.378666666666667,-49.14989733059548
2020-12-02,CBD,7.068,-49.1170431211499
2020-12-03,CBD,12.933333333333334,-49.08418891170431
2020-12-04,CBD,9.636000000000001,-49.05133470225873
2020-12-05,CBD,6.838,-49.01848049281314
2020-12-06,CBD,5.274666666666667,-48.98562628336756
2020-12-07,CBD,7.350666666666667,-48.95277207392197
2020-12-08,CBD,7.076,-48.91991786447639
2020-12-09,CBD,14.972666666666667,-48.8870636550308
2020-12-10,CBD,7.268666666666666,-48.85420944558521
2020-12-11,CBD,18.06,-48.82135523613963
2020-12-12,CBD,21.561666666666667,-48.78850102669404
2020-12-13,CBD,13.356666666666667,-48.75564681724846
2020-12-14,CBD,8.356,-48.72279260780287
2020-12-15,CBD,7.680833333333333,-48.68993839835729
2020-12-16,CBD,8.8341666666666665,-48.6570841889117
2020-12-17,CBD,7.6925,-48.62422997946612
2020-12-18,CBD,11.545833333333333,-48.591375770020534
2020-12-19,CBD,17.435,-48.558521560574945
2020-12-20,CBD,17.429166666666667,-48.525667351129364
2020-12-21,CBD,27.932222222222222,-48.492813141683776
2020-12-22,CBD,15.354545454545455,-48.459958932238195
2020-12-23,CBD,11.765,-48.427104722792606
2020-12-24,CBD,9.9925,-48.394250513347025
2020-12-25,CBD,7.003333333333333,-48.36139630390144
2020-12-26,CBD,9.666666666666666,-48.328542094455855
2020-12-27,CBD,12.246666666666668,-48.29568788501027
2020-12-28,CBD,10.6875,-48.26283367556468
2020-12-29,CBD,6.823333333333333,-48.2299794661191
2020-12-30,CBD,8.226666666666667,-48.19712525667351
2020-12-31,CBD,11.753333333333334,-48.16427104722793
2021-01-01,CBD,8.758333333333333,-48.13141683778234
2021-01-02,CBD,6.690833333333333,-48.09856262833676
2021-01-03,CBD,10.034166666666666,-48.06570841889117
2021-01-04,CBD,9.888333333333334,-48.03285420944559
2021-01-05,CBD,10.573333333333334,-48
2021-01-06,CBD,8.704166666666667,-47.96714579055441
2021-01-07,CBD,8.983333333333333,-47.93429158110883
2021-01-08,CBD,11.171666666666667,-47.90143737166324
2021-01-09,CBD,7.704166666666667,-47.86858316221766
2021-01-10,CBD,7.976666666666667,-47.83572895277207
2021-01-11,CBD,16.6375,-47.80287474332649
2021-01-12,CBD,18.61111111111111,-47.7700205338809
2021-01-13,CBD,23.763333333333332,-47.73716632443532
2021-01-14,CBD,30.32888888888889,-47.70431211498973
2021-01-15,CBD,22.153333333333332,-47.671457905544145
2021-01-16,CBD,8.759166666666665,-47.63860369609856
2021-01-17,CBD,8.930833333333332,-47.605749486652975
2021-01-18,CBD,8.490833333333333,-47.572895277207394
2021-01-19,CBD,9.508333333333333,-47.540041067761805
2021-01-20,CBD,9.899166666666668,-47.507186858316224
2021-01-21,CBD,12.213333333333333,-47.474332648870636
2021-01-22,CBD,8.701666666666666,-47.441478439425055
2021-01-23,CBD,6.670833333333333,-47.408624229979466
2021-01-24,CBD,6.3133333333333335,-47.37577002053388
2021-01-25,CBD,8.755,-47.3429158110883
2021-01-26,CBD,8.646,-47.31006160164271
2021-01-27,CBD,9.851666666666667,-47.27720739219713
2021-01-28,CBD,7.703333333333333,-47.24435318275154
2021-01-29,CBD,6.932727272727273,-47.21149897330596
2021-01-30,CBD,9.12,-47.17864476386037
2021-01-31,CBD,9.3525,-47.14579055441479
2021-02-01,CBD,8.233333333333334,-47.1129363449692
2021-02-02,CBD,7.783333333333333,-47.08008213552361
2021-02-03,CBD,7.5875,-47.04722792607803
2021-02-04,CBD,7.0825000000000005,-47.01437371663244
2021-02-05,CBD,13.950833333333334,-46.98151950718686
2021-02-06,CBD,7.998333333333333,-46.94866529774127
2021-02-07,CBD,9.91,-46.91581108829569
2021-02-08,CBD,9.346666666666666,-46.8829568788501
2021-02-09,CBD,15.540833333333333,-46.85010266940452
2021-02-10,CBD,12.515833333333333,-46.81724845995893
2021-02-11,CBD,11.7775,-46.784394250513344
2021-02-12,CBD,8.469166666666666,-46.75154004106776
2021-02-13,CBD,10.079166666666667,-46.718685831622174
2021-02-14,CBD,12.8775,-46.68583162217659
2021-02-15,CBD,14.045,-46.652977412731005
2021-02-16,CBD,11.248333333333333,-46.620123203285424
2021-02-17,CBD,7.705333333333333,-46.587268993839835
2021-02-18,CBD,7.8693333333333335,-46.554414784394254
2021-02-19,CBD,9.726666666666667,-46.521560574948666
2021-02-20,CBD,10.196,-46.48870636550308
2021-02-21,CBD,8.256,-46.455852156057496
2021-02-22,CBD,9.656,-46.42299794661191
2021-02-23,CBD,16.45642857142857,-46.390143737166326
2021-02-24,CBD,11.916,-46.35728952772074
2021-02-25,CBD,6.549333333333333,-46.32443531827516
2021-02-26,CBD,9.652,-46.29158110882957
2021-02-27,CBD,7.561333333333333,-46.25872689938399
2021-02-28,CBD,12.927333333333333,-46.2258726899384
2021-03-01,CBD,9.252,-46.19301848049281
2021-03-02,CBD,6.183333333333334,-46.16016427104723
2021-03-03,CBD,11.691333333333333,-46.12731006160164
2021-03-04,CBD,6.978,-46.09445585215606
2021-03-05,CBD,6.274666666666667,-46.06160164271047
2021-03-06,CBD,5.938666666666667,-46.02874743326489
2021-03-07,CBD,6.296,-45.9958932238193
2021-03-08,CBD,8.481666666666667,-45.96303901437371
2021-03-09,CBD,14.078333333333333,-45.93018480492813
2021-03-10,CBD,10.781666666666666,-45.89733059548254
2021-03-11,CBD,19.834444444444443,-45.86447638603696
2021-03-12,CBD,6.799166666666666,-45.831622176591374
2021-03-13,CBD,6.074166666666667,-45.79876796714579
2021-03-14,CBD,7.420833333333333,-45.765913757700204
2021-03-15,CBD,7.536666666666666,-45.73305954825462
2021-03-16,CBD,9.953333333333333,-45.700205338809035
2021-03-17,CBD,14.248181818181818,-45.667351129363446
2021-03-18,CBD,10.459999999999999,-45.634496919917865
2021-03-19,CBD,7.821666666666667,-45.60164271047228
2021-03-20,CBD,8.388333333333334,-45.568788501026695
2021-03-21,CBD,8.081666666666667,-45.53593429158111
2021-03-22,CBD,15.736666666666666,-45.503080082135526
2021-03-23,CBD,15.11,-45.47022587268994
2021-03-24,CBD,12.236666666666666,-45.437371663244356
2021-03-25,CBD,23.154285714285713,-45.40451745379877
2021-03-26,CBD,13.445,-45.37166324435318
2021-03-27,CBD,8.533333333333333,-45.3388090349076
2021-03-28,CBD,8.695555555555556,-45.30595482546201
2021-03-29,CBD,6.691111111111112,-45.27310061601643
2021-03-30,CBD,8.47111111111111,-45.24024640657084
2021-03-31,CBD,8.51,-45.20739219712526
2021-04-01,CBD,6.293333333333333,-45.17453798767967
2021-04-02,CBD,5.638333333333334,-45.14168377823409
2021-04-03,CBD,5.28,-45.1088295687885
2021-04-04,CBD,12.345,-45.07597535934291
2021-04-05,CBD,7.613333333333333,-45.04312114989733
2021-04-06,CBD,7.738333333333333,-45.01026694045174
2021-04-07,CBD,5.3,-44.97741273100616
2021-04-08,CBD,6.01,-44.94455852156057
2021-04-09,CBD,6.836666666666666,-44.91170431211499
2021-04-10,CBD,10.736666666666666,-44.878850102669404
2021-04-11,CBD,6.211666666666666,-44.84599589322382
2021-04-12,CBD,5.533333333333333,-44.813141683778234
2021-04-13,CBD,6.695,-44.780287474332646
2021-04-14,CBD,6.941666666666666,-44.747433264887064
2021-04-15,CBD,5.366666666666667,-44.714579055441476
2021-04-16,CBD,7.4366666666666665,-44.681724845995895
2021-04-17,CBD,5.7683333333333335,-44.648870636550306
2021-04-18,CBD,7.443333333333333,-44.616016427104725
2021-04-19,CBD,9.223333333333333,-44.58316221765914
2021-04-20,CBD,8.225,-44.550308008213555
2021-04-21,CBD,10.686666666666667,-44.51745379876797
2021-04-22,CBD,6.383333333333333,-44.48459958932238
2021-04-23,CBD,11.586666666666666,-44.4517453798768
2021-04-24,CBD,16.846666666666668,-44.41889117043121
2021-04-25,CBD,17.046666666666667,-44.38603696098563
2021-04-26,CBD,9.07,-44.35318275154004
2021-04-27,CBD,8.166666666666666,-44.32032854209446
2021-04-28,CBD,25.641666666666666,-44.28747433264887
2021-04-29,CBD,29.781666666666666,-44.25462012320329
2021-04-30,CBD,5.4350000000000005,-44.2217659137577
2021-05-01,CBD,5.65,-44.18891170431211
2021-05-02,CBD,7.323333333333333,-44.15605749486653
2021-05-03,CBD,7.895,-44.12320328542094
2021-05-04,CBD,13.876666666666667,-44.09034907597536
2021-05-05,CBD,12.991666666666667,-44.05749486652977
2021-05-06,CBD,6.151666666666667,-44.02464065708419
2021-05-07,CBD,6.9366666666666665,-43.9917864476386
2021-05-08,CBD,6.406666666666666,-43.95893223819302
2021-05-09,CBD,6.155,-43.92607802874743
2021-05-10,CBD,6.115,-43.893223819301845
2021-05-11,CBD,4.931111111111111,-43.860369609856264
2021-05-12,CBD,4.365555555555556,-43.827515400410675
2021-05-13,CBD,3.9583333333333335,-43.794661190965094
2021-05-14,CBD,7.18,-43.761806981519506
2021-05-15,CBD,7.343333333333334,-43.728952772073924
2021-05-16,CBD,6.336666666666667,-43.696098562628336
2021-05-17,CBD,9.39,-43.663244353182755
2021-05-18,CBD,7.056666666666667,-43.630390143737166
2021-05-19,CBD,9.086666666666666,-43.59753593429158
2021-05-20,CBD,6.326666666666666,-43.564681724846
2021-05-21,CBD,8.22,-43.53182751540041
2021-05-22,CBD,11.193333333333333,-43.49897330595483
2021-05-23,CBD,8.75,-43.46611909650924
2021-05-24,CBD,4.783333333333333,-43.43326488706366
2021-05-25,CBD,9.33,-43.40041067761807
2021-05-26,CBD,28.816666666666666,-43.36755646817249
2021-05-27,CBD,7.6066666666666665,-43.3347022587269
2021-05-28,CBD,5.79,-43.30184804928131
2021-05-29,CBD,4.543333333333333,-43.26899383983573
2021-05-30,CBD,8.536666666666665,-43.23613963039014
2021-05-31,CBD,5.34,-43.20328542094456
2021-06-01,CBD,9.326666666666666,-43.17043121149897
2021-06-02,CBD,10.446666666666667,-43.13757700205339
2021-06-03,CBD,16.380000000000003,-43.1047227926078
2021-06-04,CBD,14.916666666666666,-43.07186858316222
2021-06-05,CBD,16.803333333333335,-43.03901437371663
2021-06-06,CBD,10.343333333333334,-43.006160164271044
2021-06-07,CBD,20.066666666666666,-42.97330595482546
2021-06-08,CBD,14.753333333333334,-42.940451745379875
2021-06-09,CBD,10.69,-42.90759753593429
2021-06-10,CBD,7.306666666666667,-42.874743326488705
2021-06-11,CBD,8.62,-42.841889117043124
2021-06-12,CBD,6.653333333333333,-42.809034907597535
2021-06-13,CBD,8.78,-42.776180698151954
2021-06-14,CBD,5.68,-42.743326488706366
2021-06-15,CBD,7.8933333333333335,-42.71047227926078
2021-06-16,CBD,5.011666666666667,-42.677618069815196
2021-06-17,CBD,4.395,-42.64476386036961
2021-06-18,CBD,5.291666666666667,-42.61190965092403
2021-06-19,CBD,8.545,-42.57905544147844
2021-06-20,CBD,7.033333333333333,-42.54620123203286
2021-06-21,CBD,7.636666666666667,-42.51334702258727
2021-06-22,CBD,4.92,-42.48049281314169
2021-06-23,CBD,5.723333333333333,-42.4476386036961
2021-06-24,CBD,7.26,-42.41478439425051
2021-06-25,CBD,7.533333333333333,-42.38193018480493
2021-06-26,CBD,12.913333333333334,-42.34907597535934
2021-06-27,CBD,13.176666666666666,-42.31622176591376
2021-06-28,CBD,10.406666666666666,-42.28336755646817
2021-06-29,CBD,10.393333333333333,-42.25051334702259
2021-06-30,CBD,8.53,-42.217659137577
2021-07-01,CBD,6.796666666666667,-42.18480492813142
2021-07-02,CBD,8.973333333333333,-42.15195071868583
2021-07-03,CBD,5.426666666666667,-42.119096509240244
2021-07-04,CBD,6.536666666666667,-42.08624229979466
2021-07-05,CBD,16.74,-42.053388090349074
2021-07-06,CBD,24.083333333333332,-42.02053388090349
2021-07-07,CBD,21.551666666666666,-41.987679671457904
2021-07-08,CBD,17.321666666666665,-41.95482546201232
2021-07-09,CBD,4.135,-41.921971252566735
2021-07-10,CBD,9.14,-41.889117043121146
2021-07-11,CBD,15.126666666666667,-41.856262833675565
2021-07-12,CBD,22.198333333333334,-41.82340862422998
2021-07-13,CBD,16.991666666666667,-41.790554414784395
2021-07-14,CBD,17.871666666666666,-41.75770020533881
2021-07-15,CBD,10.31,-41.724845995893226
2021-07-16,CBD,14.198333333333334,-41.69199178644764
2021-07-17,CBD,15.256666666666666,-41.659137577002056
2021-07-18,CBD,5.943333333333333,-41.62628336755647
2021-07-19,CBD,7.48,-41.59342915811088
2021-07-21,CBD,33.195,-41.52772073921971
2021-07-22,CBD,10.176666666666666,-41.49486652977413
2021-07-23,CBD,11.305555555555555,-41.46201232032854
2021-07-24,CBD,13.071666666666665,-41.42915811088296
2021-07-25,CBD,17.626666666666665,-41.39630390143737
2021-07-26,CBD,30.6325,-41.36344969199179
2021-07-27,CBD,32.45,-41.3305954825462
2021-07-28,CBD,17.752222222222223,-41.29774127310061
2021-07-29,CBD,15.78888888888889,-41.26488706365503
2021-07-30,CBD,12.832222222222223,-41.23203285420944
2021-07-31,CBD,5.112222222222222,-41.19917864476386
2021-08-01,CBD,6.713333333333333,-41.16632443531827
2021-08-02,CBD,7.0216666666666665,-41.13347022587269
2021-08-03,CBD,8.192222222222222,-41.100616016427104
2021-08-04,CBD,10.654444444444444,-41.06776180698152
2021-08-05,CBD,10.723333333333333,-41.034907597535934
2021-08-06,CBD,14.716666666666667,-41.002053388090346
2021-08-07,CBD,11.624444444444444,-40.969199178644764
2021-08-08,CBD,11.883333333333333,-40.936344969199176
2021-08-09,CBD,10.068888888888889,-40.903490759753595
2021-08-10,CBD,15.815555555555555,-40.87063655030801
2021-08-11,CBD,19.432222222222222,-40.837782340862425
2021-08-12,CBD,11.653333333333334,-40.80492813141684
2021-08-13,CBD,9.973333333333333,-40.772073921971256
2021-08-14,CBD,7.597777777777778,-40.73921971252567
2021-08-15,CBD,8.82,-40.70636550308008
2021-08-16,CBD,10.043333333333333,-40.6735112936345
2021-08-17,CBD,9.024444444444445,-40.64065708418891
2021-08-18,CBD,8.811111111111112,-40.60780287474333
2021-08-19,CBD,4.273333333333333,-40.57494866529774
2021-08-20,CBD,5.62,-40.54209445585216
2021-08-21,CBD,7.077777777777778,-40.50924024640657
2021-08-22,CBD,6.002222222222223,-40.47638603696099
2021-08-23,CBD,14.083333333333334,-40.4435318275154
2021-08-24,CBD,11.194444444444445,-40.41067761806981
2021-08-25,CBD,14.026666666666666,-40.37782340862423
2021-08-26,CBD,21.13,-40.34496919917864
2021-08-27,CBD,14.563333333333333,-40.31211498973306
2021-08-28,CBD,8.317777777777778,-40.27926078028747
2021-08-29,CBD,11.582222222222223,-40.24640657084189
2021-08-30,CBD,17.1,-40.2135523613963
2021-08-31,CBD,9.717777777777778,-40.18069815195072
2021-09-01,CBD,10.154444444444444,-40.14784394250513
2021-09-02,CBD,8.154444444444444,-40.114989733059545
2021-09-03,CBD,4.438888888888889,-40.082135523613964
2021-09-04,CBD,4.781111111111111,-40.049281314168375
2021-09-05,CBD,8.62111111111111,-40.016427104722794
2021-09-06,CBD,6.828888888888889,-39.983572895277206
2021-09-07,CBD,5.104444444444445,-39.950718685831625
2021-09-08,CBD,12.104444444444445,-39.917864476386036
2021-09-09,CBD,10.657777777777778,-39.885010266940455
2021-09-10,CBD,5.366666666666667,-39.85215605749487
2021-09-11,CBD,6.545555555555556,-39.81930184804928
2021-09-12,CBD,8.537777777777777,-39.7864476386037
2021-09-13,CBD,8.764444444444445,-39.75359342915811
2021-09-14,CBD,8.217777777777778,-39.72073921971253
2021-09-15,CBD,18.482222222222223,-39.68788501026694
2021-09-16,CBD,5.844444444444444,-39.65503080082136
2021-09-17,CBD,15.62888888888889,-39.62217659137577
2021-09-18,CBD,9.13888888888889,-39.58932238193019
2021-09-19,CBD,5.362222222222222,-39.5564681724846
2021-09-20,CBD,6.292222222222222,-39.52361396303901
2021-09-21,CBD,5.576666666666666,-39.49075975359343
2021-09-22,CBD,6.293333333333333,-39.45790554414784
2021-09-23,CBD,7.32,-39.42505133470226
2021-09-24,CBD,4.901111111111112,-39.39219712525667
2021-09-25,CBD,5.42,-39.35934291581109
2021-09-26,CBD,4.336666666666667,-39.3264887063655
2021-09-27,CBD,5.9511111111111115,-39.29363449691992
2021-09-28,CBD,10.223333333333333,-39.26078028747433
2021-09-29,CBD,4.916666666666667,-39.227926078028744
2021-09-30,CBD,4.766666666666667,-39.19507186858316
2021-10-01,CBD,5.122222222222222,-39.162217659137575
2021-10-02,CBD,5.346666666666667,-39.129363449691994
2021-10-03,CBD,8.061111111111112,-39.096509240246405
2021-10-04,CBD,11.264444444444445,-39.063655030800824
2021-10-05,CBD,6.616666666666666,-39.030800821355236
2021-10-06,CBD,9.983333333333334,-38.997946611909654
2021-10-07,CBD,12.724444444444444,-38.965092402464066
2021-10-08,CBD,10.98,-38.93223819301848
2021-10-09,CBD,8.292222222222222,-38.899383983572896
2021-10-10,CBD,5.473333333333334,-38.86652977412731
2021-10-11,CBD,8.768888888888888,-38.83367556468173
2021-10-12,CBD,12.764444444444445,-38.80082135523614
2021-10-13,CBD,11.45111111111111,-38.76796714579056
2021-10-14,CBD,8.581111111111111,-38.73511293634497
2021-10-15,CBD,10.94888888888889,-38.70225872689939
2021-10-16,CBD,11.273333333333333,-38.6694045174538
2021-10-17,CBD,4.66,-38.63655030800821
2021-10-18,CBD,4.5377777777777775,-38.60369609856263
2021-10-19,CBD,5.6755555555555555,-38.57084188911704
2021-10-20,CBD,6.868888888888889,-38.53798767967146
2021-10-21,CBD,7.484444444444445,-38.50513347022587
2021-10-22,CBD,5.578888888888889,-38.47227926078029
2021-10-23,CBD,6.822222222222223,-38.4394250513347
2021-10-24,CBD,7.698888888888889,-38.40657084188912
2021-10-25,CBD,11.658888888888889,-38.37371663244353
2021-10-26,CBD,4.232222222222222,-38.340862422997944
2021-10-27,CBD,7.178888888888888,-38.30800821355236
2021-10-28,CBD,7.976666666666667,-38.275154004106774
2021-10-29,CBD,9.30888888888889,-38.24229979466119
2021-10-30,CBD,8.414444444444445,-38.209445585215605
2021-10-31,CBD,6.091111111111111,-38.17659137577002
2021-11-01,CBD,4.601111111111111,-38.143737166324435
2021-11-02,CBD,5.948888888888889,-38.110882956878854
2021-11-03,CBD,6.257777777777778,-38.078028747433265
2021-11-04,CBD,7.598888888888889,-38.04517453798768
2021-11-05,CBD,7.408888888888889,-38.012320328542096
2021-11-06,CBD,9.2844444444444445,-37.97946611909651
2021-11-07,CBD,18.726666666666667,-37.946611909650926
2021-11-08,CBD,11.737777777777778,-37.91375770020534
2021-11-09,CBD,16.525555555555556,-37.880903490759756
2021-11-10,CBD,6.558888888888889,-37.84804928131417
2021-11-11,CBD,7.144444444444445,-37.81519507186858
2021-11-12,CBD,5.754444444444444,-37.782340862423
2021-11-13,CBD,8.926666666666668,-37.74948665297741
2021-11-14,CBD,7.907777777777778,-37.71663244353183
2021-11-15,CBD,5.461111111111111,-37.68377823408624
2021-11-16,CBD,6.7700000000000005,-37.65092402464066
2021-11-17,CBD,10.075,-37.61806981519507
2021-11-18,CBD,20.568333333333335,-37.58521560574949
2021-11-19,CBD,5.0200000000000005,-37.5523613963039
2021-11-20,CBD,6.6819999999999995,-37.51950718685831
2021-11-21,CBD,8.776666666666667,-37.48665297741273
2021-11-22,CBD,11.62,-37.45379876796714
2021-11-23,CBD,5.073333333333333,-37.42094455852156
2021-11-24,CBD,6.098333333333333,-37.38809034907597
2021-11-25,CBD,17.345,-37.35523613963039
2021-11-26,CBD,4.033333333333333,-37.322381930184804
2021-11-27,CBD,4.761666666666667,-37.28952772073922
2021-11-28,CBD,14.841666666666667,-37.256673511293634
2021-11-29,CBD,9.1,-37.223819301848046
2021-11-30,CBD,10.516666666666667,-37.190965092402465
2021-12-01,CBD,8.106666666666667,-37.158110882956876
2021-12-02,CBD,17.741666666666667,-37.125256673511295
2021-12-03,CBD,5.033333333333333,-37.09240246406571
2021-12-04,CBD,7.443333333333333,-37.059548254620125
2021-12-05,CBD,7.736666666666666,-37.02669404517454
2021-12-06,CBD,18.343333333333334,-36.993839835728956
2021-12-07,CBD,5.858333333333333,-36.96098562628337
2021-12-08,CBD,11.23,-36.92813141683778
2021-12-09,CBD,10.935,-36.8952772073922
2021-12-10,CBD,15.966666666666667,-36.86242299794661
2021-12-11,CBD,10.485,-36.82956878850103
2021-12-12,CBD,4.1433333333333335,-36.79671457905544
2021-12-13,CBD,8.925,-36.76386036960986
2021-12-14,CBD,9.613333333333333,-36.73100616016427
2021-12-15,CBD,6.611666666666667,-36.69815195071869
2021-12-16,CBD,13.05,-36.6652977412731
2021-12-17,CBD,4.925,-36.63244353182751
2021-12-18,CBD,8.066666666666666,-36.59958932238193
2021-12-19,CBD,5.305,-36.56673511293634
2021-12-20,CBD,9.713333333333333,-36.53388090349076
2021-12-21,CBD,19.738333333333333,-36.50102669404517
2021-12-22,CBD,16.965,-36.46817248459959
2021-12-23,CBD,6.418333333333333,-36.435318275154
2021-12-24,CBD,17.77,-36.40246406570842
2021-12-25,CBD,23.421666666666667,-36.369609856262834
2021-12-26,CBD,5.98,-36.336755646817245
2021-12-27,CBD,7.373333333333333,-36.303901437371664
2021-12-28,CBD,18.98,-36.271047227926076
2021-12-29,CBD,15.08,-36.238193018480494
2021-12-30,CBD,20.69,-36.205338809034906
2021-12-31,CBD,19.768333333333334,-36.172484599589325
2022-01-01,CBD,7.153333333333333,-36.139630390143736
2022-01-02,CBD,9.709999999999999,-36.106776180698155
2022-01-03,CBD,4.943333333333333,-36.07392197125257
2022-01-04,CBD,6.456666666666667,-36.04106776180698
2022-01-05,CBD,8.243333333333334,-36.0082135523614
2022-01-06,CBD,8.916666666666666,-35.97535934291581
2022-01-07,CBD,6.926666666666667,-35.94250513347023
2022-01-08,CBD,5.736666666666666,-35.90965092402464
2022-01-09,CBD,8.666666666666666,-35.87679671457906
2022-01-10,CBD,4.926666666666667,-35.84394250513347
2022-01-11,CBD,6.96,-35.81108829568789
2022-01-12,CBD,10.876666666666667,-35.7782340862423
2022-01-13,CBD,28.97,-35.74537987679671
2022-01-14,CBD,12.886666666666667,-35.71252566735113
2022-01-15,CBD,6.866666666666666,-35.67967145790554
2022-01-16,CBD,13.393333333333333,-35.64681724845996
2022-01-17,CBD,6.1866666666666665,-35.61396303901437
2022-01-18,CBD,4.1,-35.58110882956879
2022-01-19,CBD,9.11,-35.5482546201232
2022-01-20,CBD,6.79,-35.51540041067762
2022-01-21,CBD,7.41,-35.48254620123203
2022-01-22,CBD,9.563333333333334,-35.449691991786445
2022-01-23,CBD,14.383333333333335,-35.41683778234086
2022-01-24,CBD,11.073333333333334,-35.383983572895275
2022-01-25,CBD,18.69,-35.351129363449694
2022-01-26,CBD,4.8533333333333335,-35.318275154004105
2022-01-27,CBD,6.823333333333333,-35.285420944558524
2022-01-28,CBD,30.283333333333335,-35.252566735112936
2022-01-29,CBD,7.55,-35.219712525667354
2022-01-30,CBD,6.7299999999999995,-35.186858316221766
2022-01-31,CBD,9.606666666666667,-35.15400410677618
2022-02-01,CBD,11.453333333333333,-35.121149897330596
2022-02-02,CBD,19.086666666666666,-35.08829568788501
2022-02-03,CBD,18.14666666666667,-35.05544147843943
2022-02-04,CBD,4.87,-35.02258726899384
2022-02-05,CBD,6.316666666666666,-34.98973305954826
2022-02-06,CBD,6.693333333333333,-34.95687885010267
2022-02-07,CBD,11.156666666666666,-34.92402464065709
2022-02-08,CBD,12.053333333333333,-34.8911704312115
2022-02-09,CBD,20.580000000000002,-34.85831622176591
2022-02-10,CBD,8.663333333333332,-34.82546201232033
2022-02-11,CBD,5.806666666666667,-34.79260780287474
2022-02-12,CBD,4.383333333333333,-34.75975359342916
2022-02-13,CBD,6.916666666666667,-34.72689938398357
2022-02-14,CBD,5.89,-34.69404517453799
2022-02-15,CBD,6.013333333333334,-34.6611909650924
2022-02-16,CBD,8.826666666666666,-34.62833675564682
2022-02-17,CBD,5.716666666666667,-34.59548254620123
2022-02-18,CBD,3.393333333333333,-34.562628336755644
2022-02-19,CBD,7.67,-34.52977412731006
2022-02-20,CBD,6.63,-34.496919917864474
2022-02-21,CBD,13.076666666666666,-34.46406570841889
2022-02-22,CBD,23.246,-34.431211498973305
2022-02-23,CBD,11.076666666666666,-34.39835728952772
2022-02-24,CBD,8.120000000000001,-34.365503080082135
2022-02-25,CBD,11.450000000000001,-34.332648870636554
2022-02-26,CBD,8.540000000000001,-34.299794661190965
2022-02-27,CBD,13.078333333333333,-34.26694045174538
2022-02-28,CBD,6.488333333333333,-34.234086242299796
2022-03-01,CBD,6.24,-34.20123203285421
2022-03-02,CBD,20.698333333333334,-34.168377823408626
2022-03-03,CBD,6.189166666666667,-34.13552361396304
2022-03-04,CBD,10.075,-34.10266940451746
2022-03-05,CBD,17.3775,-34.06981519507187
2022-03-06,CBD,24.58,-34.03696098562629
2022-03-07,CBD,13.845,-34.0041067761807
2022-03-08,CBD,5.355833333333333,-33.97125256673511
2022-03-09,CBD,12.778333333333334,-33.93839835728953
2022-03-10,CBD,21.727,-33.90554414784394
2022-03-11,CBD,21.534444444444446,-33.87268993839836
2022-03-12,CBD,4.6033333333333335,-33.83983572895277
2022-03-13,CBD,8.064444444444444,-33.80698151950719
2022-03-14,CBD,14.215555555555556,-33.7741273100616
2022-03-15,CBD,14.12111111111111,-33.74127310061601
2022-03-16,CBD,20.773333333333333,-33.70841889117043
2022-03-17,CBD,14.63888888888889,-33.67556468172484
2022-03-18,CBD,24.152857142857144,-33.64271047227926
2022-03-19,CBD,17.952222222222222,-33.609856262833674
2022-03-20,CBD,4.743333333333333,-33.57700205338809
2022-03-21,CBD,5.272222222222222,-33.544147843942504
2022-03-22,CBD,4.407777777777778,-33.51129363449692
2022-03-23,CBD,6.202222222222222,-33.478439425051334
2022-03-24,CBD,5.98,-33.445585215605746
2022-03-25,CBD,7.875555555555556,-33.412731006160165
2022-03-26,CBD,6.435555555555555,-33.379876796714576
2022-03-27,CBD,5.196666666666666,-33.347022587268995
2022-03-28,CBD,5.6,-33.31416837782341
2022-03-29,CBD,6.543333333333333,-33.281314168377826
2022-03-30,CBD,7.128333333333334,-33.24845995893224
2022-03-31,CBD,18.988333333333333,-33.215605749486656
2022-04-01,CBD,5.221666666666667,-33.18275154004107
2022-04-02,CBD,5.0616666666666665,-33.14989733059548
2022-04-03,CBD,10.36,-33.1170431211499
2022-04-04,CBD,5.316666666666666,-33.08418891170431
2022-04-05,CBD,16.926666666666666,-33.05133470225873
2022-04-06,CBD,7.028888888888889,-33.01848049281314
2022-04-07,CBD,8.301111111111112,-32.98562628336756
2022-04-08,CBD,6.566666666666666,-32.95277207392197
2022-04-09,CBD,5.223333333333334,-32.91991786447639
2022-04-10,CBD,5.217777777777778,-32.8870636550308
2022-04-11,CBD,6.366666666666666,-32.85420944558521
2022-04-12,CBD,7.636666666666667,-32.82135523613963
2022-04-13,CBD,13.812222222222223,-32.78850102669404
2022-04-14,CBD,14.248888888888889,-32.75564681724846
2022-04-15,CBD,5.391111111111111,-32.72279260780287
2022-04-16,CBD,6.85,-32.68993839835729
2022-04-17,CBD,4.806666666666667,-32.6570841889117
2022-04-18,CBD,7,-32.62422997946612
2022-04-19,CBD,6.1433333333333335,-32.591375770020534
2022-04-20,CBD,6.432222222222222,-32.558521560574945
2022-04-21,CBD,7.526666666666666,-32.525667351129364
2022-04-22,CBD,5.843333333333334,-32.492813141683776
2022-04-23,CBD,5.681111111111111,-32.459958932238195
2022-04-24,CBD,7.413333333333333,-32.427104722792606
2022-04-25,CBD,6.442222222222222,-32.394250513347025
2022-04-26,CBD,14.172222222222222,-32.36139630390144
2022-04-27,CBD,5.085555555555556,-32.328542094455855
2022-04-28,CBD,6.363333333333333,-32.29568788501027
2022-04-29,CBD,6.511111111111111,-32.26283367556468
2022-04-30,CBD,6.044444444444444,-32.2299794661191
2022-05-01,CBD,7.868888888888889,-32.19712525667351
2022-05-02,CBD,10.673333333333334,-32.16427104722793
2022-05-03,CBD,7.562222222222222,-32.13141683778234
2022-05-04,CBD,23.1025,-32.09856262833676
2022-05-05,CBD,6.511111111111111,-32.06570841889117
2022-05-06,CBD,11.486666666666666,-32.03285420944559
2022-05-07,CBD,8.04111111111111,-32
2022-05-08,CBD,6.776666666666666,-31.967145790554415
2022-05-09,CBD,8.035555555555556,-31.93429158110883
2022-05-10,CBD,7.385555555555555,-31.901437371663246
2022-05-11,CBD,7.301111111111111,-31.86858316221766
2022-05-12,CBD,10.213333333333333,-31.835728952772072
2022-05-13,CBD,8.072222222222223,-31.802874743326488
2022-05-14,CBD,7.405555555555556,-31.770020533880903
2022-05-15,CBD,10.063333333333333,-31.737166324435318
2022-05-16,CBD,11.21111111111111,-31.704312114989733
2022-05-17,CBD,6.452222222222222,-31.67145790554415
2022-05-18,CBD,6.053333333333334,-31.638603696098563
2022-05-19,CBD,9.70111111111111,-31.60574948665298
2022-05-20,CBD,23.308888888888887,-31.572895277207394
2022-05-21,CBD,22.326666666666668,-31.540041067761805
2022-05-22,CBD,11.681111111111111,-31.50718685831622
2022-05-23,CBD,4.7811111111111115,-31.474332648870636
2022-05-24,CBD,6.806666666666667,-31.44147843942505
2022-05-25,CBD,6.406666666666666,-31.408624229979466
2022-05-26,CBD,7.512222222222222,-31.37577002053388
2022-05-27,CBD,11.672222222222222,-31.342915811088297
2022-05-28,CBD,6.437777777777778,-31.310061601642712
2022-05-29,CBD,6.105555555555556,-31.277207392197127
2022-05-30,CBD,7.542222222222223,-31.24435318275154
2022-05-31,CBD,7.346666666666667,-31.211498973305954
2022-06-01,CBD,11.726666666666667,-31.17864476386037
2022-06-02,CBD,16.186666666666667,-31.145790554414784
2022-06-03,CBD,20.983333333333334,-31.1129363449692
2022-06-04,CBD,6.706666666666667,-31.080082135523615
2022-06-05,CBD,4.75,-31.04722792607803
2022-06-06,CBD,1.94,-31.014373716632445
2022-06-24,CBD,7.213333333333334,-30.42299794661191
2022-06-25,CBD,8.536666666666667,-30.390143737166323
2022-06-26,CBD,6.323333333333333,-30.357289527720738
2022-06-27,CBD,9.983333333333333,-30.324435318275153
2022-06-28,CBD,2.066666666666667,-30.29158110882957
2022-06-29,CBD,2.7333333333333334,-30.258726899383984
2022-06-30,CBD,5.016666666666667,-30.2258726899384
2022-07-01,CBD,6.633333333333333,-30.193018480492814
2022-07-02,CBD,3.92,-30.16016427104723
2022-07-03,CBD,2.25,-30.127310061601644
2022-07-05,CBD,1.5633333333333332,-30.06160164271047
2023-02-09,CBD,30.515,-22.86652977412731
2023-02-10,CBD,8.413333333333334,-22.833675564681723
2023-02-11,CBD,6.076666666666666,-22.80082135523614
2023-02-12,CBD,17.313333333333333,-22.767967145790553
2023-02-13,CBD,5.927142857142857,-22.73511293634497
2023-02-14,CBD,6.95,-22.702258726899384
2023-02-15,CBD,11.106666666666667,-22.6694045174538
2023-02-16,CBD,15.318333333333333,-22.636550308008214
2023-02-17,CBD,11.913333333333334,-22.60369609856263
2023-02-18,CBD,6.783333333333333,-22.570841889117045
2023-02-19,CBD,11.08,-22.537987679671456
2023-02-20,CBD,15.713333333333333,-22.50513347022587
2023-02-21,CBD,15.378333333333334,-22.472279260780287
2023-02-22,CBD,12.4275,-22.439425051334702
2023-02-23,CBD,8.464444444444444,-22.406570841889117
2023-02-24,CBD,4.797777777777778,-22.373716632443532
2023-02-25,CBD,5.4225,-22.340862422997947
2023-02-26,CBD,19.936666666666667,-22.308008213552363
2023-02-27,CBD,7.589,-22.275154004106778
2023-02-28,CBD,11.080833333333333,-22.24229979466119
2023-03-01,CBD,12.086666666666666,-22.209445585215605
2023-03-02,CBD,22.319166666666668,-22.17659137577002
2023-03-03,CBD,6.75,-22.143737166324435
2023-03-04,CBD,5.903333333333333,-22.11088295687885
2023-03-05,CBD,8.15,-22.078028747433265
2023-03-06,CBD,6.63,-22.04517453798768
2023-03-07,CBD,5.370833333333334,-22.012320328542096
2023-03-08,CBD,5.421666666666667,-21.97946611909651
2023-03-09,CBD,6.363333333333333,-21.946611909650922
2023-03-10,CBD,11.2775,-21.913757700205338
2023-03-11,CBD,7.62,-21.880903490759753
2023-03-12,CBD,5.085,-21.848049281314168
2023-03-13,CBD,8.427272727272728,-21.815195071868583
2023-03-14,CBD,6.204166666666667,-21.782340862423
2023-03-15,CBD,5.416666666666667,-21.749486652977414
2023-03-16,CBD,7.88,-21.71663244353183
2023-03-17,CBD,18.133333333333333,-21.683778234086244
2023-03-18,CBD,6.838333333333333,-21.650924024640656
2023-03-19,CBD,5.44,-21.61806981519507
2023-03-20,CBD,9.78,-21.585215605749486
2023-03-21,CBD,9.193333333333333,-21.5523613963039
2023-03-22,CBD,12.269166666666667,-21.519507186858316
2023-03-23,CBD,26.291666666666668,-21.48665297741273
2023-03-24,CBD,10.565,-21.453798767967147
2023-03-25,CBD,7.229166666666667,-21.420944558521562
2023-03-26,CBD,4.993333333333333,-21.388090349075977
2023-03-27,CBD,7.301666666666667,-21.35523613963039
2023-03-28,CBD,8.0408333333333335,-21.322381930184804
2023-03-29,CBD,6.8533333333333335,-21.28952772073922
2023-03-30,CBD,5.679166666666667,-21.256673511293634
2023-03-31,CBD,9.404166666666667,-21.22381930184805
2023-04-01,CBD,8.553333333333333,-21.190965092402465
2023-04-02,CBD,5.1275,-21.15811088295688
2023-04-03,CBD,7.8933333333333335,-21.125256673511295
2023-04-04,CBD,15.664166666666667,-21.09240246406571
2023-04-05,CBD,11.646666666666667,-21.059548254620122
2023-04-06,CBD,29.043333333333333,-21.026694045174537
2023-04-07,CBD,6.221666666666667,-20.993839835728952
2023-04-08,CBD,6.138333333333334,-20.960985626283367
2023-04-09,CBD,6.7875,-20.928131416837783
2023-04-10,CBD,10.2675,-20.895277207392198
2023-04-11,CBD,10.816666666666666,-20.862422997946613
2023-04-12,CBD,10.160833333333333,-20.829568788501028
2023-04-13,CBD,16.438333333333333,-20.79671457905544
2023-04-14,CBD,19.6925,-20.763860369609855
2023-04-15,CBD,8.99,-20.73100616016427
2023-04-16,CBD,23.78333333333333,-20.698151950718685
2023-04-17,CBD,15.140833333333333,-20.6652977412731
2023-04-18,CBD,8.723333333333333,-20.632443531827516
2023-04-19,CBD,7.9816666666666665,-20.59958932238193
2023-04-20,CBD,16.494444444444444,-20.566735112936346
2023-04-21,CBD,11.879999999999999,-20.53388090349076
2023-04-22,CBD,18.21636363636364,-20.501026694045173
2023-04-23,CBD,6.86,-20.468172484599588
2023-04-24,CBD,7.8116666666666665,-20.435318275154003
2023-04-25,CBD,10.831666666666667,-20.40246406570842
2023-04-26,CBD,12.515833333333333,-20.369609856262834
2023-04-27,CBD,13.998333333333333,-20.33675564681725
2023-04-28,CBD,11.396666666666667,-20.303901437371664
2023-04-29,CBD,5.841111111111111,-20.27104722792608
2023-04-30,CBD,6.326666666666666,-20.238193018480494
2023-05-01,CBD,6.218333333333334,-20.205338809034906
2023-05-02,CBD,6.095833333333333,-20.17248459958932
2023-05-03,CBD,6.735833333333333,-20.139630390143736
2023-05-04,CBD,9.529166666666667,-20.10677618069815
2023-05-05,CBD,6.8575,-20.073921971252567
2023-05-06,CBD,5.726666666666667,-20.041067761806982
2023-05-07,CBD,6.82,-20.008213552361397
2023-05-08,CBD,8.449166666666667,-19.975359342915812
2023-05-09,CBD,8.333333333333334,-19.942505133470227
2023-05-10,CBD,7.029166666666667,-19.90965092402464
2023-05-11,CBD,14.3625,-19.876796714579054
2023-05-12,CBD,16.626666666666665,-19.84394250513347
2023-05-13,CBD,17.342,-19.811088295687885
2023-05-14,CBD,10.391666666666666,-19.7782340862423
2023-05-15,CBD,7.873333333333333,-19.745379876796715
2023-05-16,CBD,9.830833333333333,-19.71252566735113
2023-05-17,CBD,8.023333333333333,-19.679671457905545
2023-05-18,CBD,6.38,-19.64681724845996
2023-05-19,CBD,9.626666666666667,-19.613963039014372
2023-05-20,CBD,9.670833333333333,-19.581108829568787
2023-05-21,CBD,11.520833333333334,-19.548254620123203
2023-05-22,CBD,20.089166666666667,-19.515400410677618
2023-05-23,CBD,15.855833333333333,-19.482546201232033
2023-05-24,CBD,14.808333333333334,-19.449691991786448
2023-05-25,CBD,7.009166666666666,-19.416837782340863
2023-05-26,CBD,5.8325000000000005,-19.38398357289528
2023-05-27,CBD,7.868333333333333,-19.351129363449694
2023-05-28,CBD,8.711666666666666,-19.318275154004105
2023-05-29,CBD,12.385,-19.28542094455852
2023-05-30,CBD,17.640833333333333,-19.252566735112936
2023-05-31,CBD,17.420833333333334,-19.21971252566735
2023-06-01,CBD,23.22,-19.186858316221766
2023-06-02,CBD,24.985454545454544,-19.15400410677618
2023-06-03,CBD,35.06666666666666,-19.121149897330596
2023-06-04,CBD,9.7325,-19.08829568788501
2023-06-05,CBD,6.8575,-19.055441478439427
2023-06-09,CBD,11.736666666666666,-18.924024640657084
2023-06-10,CBD,16.426666666666666,-18.8911704312115
2023-06-12,CBD,34.234,-18.82546201232033
2023-06-13,CBD,12.125833333333333,-18.792607802874745
2023-06-14,CBD,16.231666666666666,-18.759753593429156
2023-06-15,CBD,11.27,-18.72689938398357
2023-06-16,CBD,14.168333333333333,-18.694045174537987
2023-06-17,CBD,29.8,-18.661190965092402
2023-06-18,CBD,10.408333333333333,-18.628336755646817
2023-06-19,CBD,12.918333333333333,-18.595482546201232
2023-06-20,CBD,12.304166666666667,-18.562628336755647
2023-06-21,CBD,7.030833333333333,-18.529774127310063
2023-06-22,CBD,9.1975,-18.496919917864478
2023-06-23,CBD,11.446666666666667,-18.46406570841889
2023-06-24,CBD,14.905833333333334,-18.431211498973305
2023-06-25,CBD,18.161666666666665,-18.39835728952772
2023-06-26,CBD,21.17,-18.365503080082135
2023-06-27,CBD,18.59916666666667,-18.33264887063655
2023-06-28,CBD,16.663333333333334,-18.299794661190965
2023-06-29,CBD,37.21,-18.26694045174538
2023-07-02,CBD,34.97333333333333,-18.168377823408623
2023-07-03,CBD,13.308333333333334,-18.135523613963038
2023-07-04,CBD,12.040000000000001,-18.102669404517453
2023-07-05,CBD,19.751666666666665,-18.069815195071868
2023-07-06,CBD,19.155,-18.036960985626283
2023-07-07,CBD,21.219166666666666,-18.0041067761807
2023-07-08,CBD,25.455,-17.971252566735114
2023-07-09,CBD,10.550833333333333,-17.93839835728953
2023-07-10,CBD,8.679166666666667,-17.905544147843944
2023-07-11,CBD,18.875833333333333,-17.872689938398356
2023-07-12,CBD,20.375833333333333,-17.83983572895277
2023-07-13,CBD,25.525,-17.806981519507186
2023-07-14,CBD,20.465833333333332,-17.7741273100616
2023-07-15,CBD,25.284166666666668,-17.741273100616016
2023-07-16,CBD,10.535833333333333,-17.70841889117043
2023-07-17,CBD,33.396,-17.675564681724847
2023-07-18,CBD,30.8925,-17.642710472279262
2023-07-20,CBD,21.031666666666666,-17.57700205338809
2023-07-21,CBD,15.671666666666667,-17.544147843942504
2023-07-22,CBD,8.6425,-17.51129363449692
2023-07-23,CBD,16.628333333333334,-17.478439425051334
2023-07-24,CBD,18.226666666666667,-17.44558521560575
2023-07-25,CBD,16.203333333333333,-17.412731006160165
2023-07-26,CBD,30.2375,-17.37987679671458
2023-07-27,CBD,33.96363636363636,-17.347022587268995
2023-07-28,CBD,14.478333333333333,-17.31416837782341
2023-07-29,CBD,17.27,-17.281314168377822
2023-07-30,CBD,6.526666666666667,-17.248459958932237
2023-07-31,CBD,11.014166666666666,-17.215605749486652
2023-08-01,CBD,8.796666666666667,-17.182751540041068
2023-08-02,CBD,8.269166666666667,-17.149897330595483
2023-08-03,CBD,9.656666666666666,-17.117043121149898
2023-08-04,CBD,25.709166666666665,-17.084188911704313
2023-08-05,CBD,24.27111111111111,-17.05133470225873
2023-08-06,CBD,28.185555555555556,-17.018480492813143
2023-08-07,CBD,24.765555555555554,-16.985626283367555
2023-08-08,CBD,7.981111111111112,-16.95277207392197
2023-08-09,CBD,28.3,-16.919917864476385
2023-08-10,CBD,28.955555555555556,-16.8870636550308
2023-08-11,CBD,23.713333333333335,-16.854209445585216
2023-08-12,CBD,28.121111111111112,-16.82135523613963
2023-08-13,CBD,12,-16.788501026694046
2023-08-14,CBD,12.82,-16.75564681724846
2023-08-15,CBD,15.20888888888889,-16.722792607802873
2023-08-16,CBD,14.957777777777778,-16.689938398357288
2023-08-17,CBD,15.047777777777778,-16.657084188911703
2023-08-18,CBD,10.995555555555555,-16.62422997946612
2023-08-19,CBD,14.392222222222223,-16.591375770020534
2023-08-20,CBD,18.566666666666666,-16.55852156057495
2023-08-21,CBD,24.123333333333335,-16.525667351129364
2023-08-22,CBD,14.707777777777778,-16.49281314168378
2023-08-23,CBD,8.537777777777778,-16.459958932238195
2023-08-24,CBD,12.777777777777779,-16.427104722792606
2023-08-25,CBD,15.564444444444444,-16.39425051334702
2023-08-26,CBD,13.62888888888889,-16.361396303901437
2023-08-27,CBD,10.737777777777778,-16.32854209445585
2023-08-28,CBD,15.704444444444444,-16.295687885010267
2023-08-29,CBD,14.742222222222223,-16.262833675564682
2023-08-30,CBD,15.181111111111111,-16.229979466119097
2023-08-31,CBD,7.6177777777777775,-16.197125256673512
2023-09-01,CBD,6.552222222222222,-16.164271047227928
2023-09-02,CBD,11.137777777777778,-16.13141683778234
2023-09-03,CBD,11.181111111111111,-16.098562628336754
2023-09-04,CBD,20.29222222222222,-16.06570841889117
2023-09-05,CBD,27.67888888888889,-16.032854209445585
2023-09-06,CBD,27.014444444444443,-16
2023-09-07,CBD,23.772222222222222,-15.967145790554415
2023-09-08,CBD,33.5125,-15.93429158110883
2023-09-09,CBD,28.797777777777778,-15.901437371663244
2023-09-10,CBD,10.472222222222221,-15.868583162217659
2023-09-11,CBD,14.97111111111111,-15.835728952772074
2023-09-12,CBD,13.198888888888888,-15.80287474332649
2023-09-13,CBD,13.753333333333334,-15.770020533880903
2023-09-14,CBD,8.456666666666667,-15.737166324435318
2023-09-15,CBD,10.35888888888889,-15.704312114989733
2023-09-16,CBD,10.471111111111112,-15.671457905544148
2023-09-17,CBD,10.88888888888889,-15.638603696098563
2023-09-18,CBD,10.037777777777778,-15.605749486652977
2023-09-19,CBD,10.615555555555556,-15.572895277207392
2023-09-20,CBD,9.683333333333334,-15.540041067761807
2023-09-21,CBD,10.137777777777778,-15.507186858316222
2023-09-22,CBD,12.328888888888889,-15.474332648870636
2023-09-23,CBD,7.616666666666667,-15.441478439425051
2023-09-24,CBD,5.975555555555555,-15.408624229979466
2023-09-25,CBD,13.068888888888889,-15.375770020533881
2023-09-26,CBD,21.252222222222223,-15.342915811088295
2023-09-27,CBD,11.736666666666666,-15.31006160164271
2023-09-28,CBD,17.72222222222222,-15.277207392197125
2023-09-29,CBD,5.926666666666667,-15.24435318275154
2023-09-30,CBD,14.326666666666666,-15.211498973305956
2023-10-01,CBD,20.825555555555557,-15.178644763860369
2023-10-02,CBD,20.895555555555557,-15.145790554414784
2023-10-03,CBD,20.524444444444445,-15.1129363449692
2023-10-04,CBD,27.241111111111113,-15.080082135523615
2023-10-05,CBD,12.746666666666666,-15.047227926078028
2023-10-06,CBD,17.8,-15.014373716632443
2023-10-07,CBD,7.4255555555555555,-14.981519507186858
2023-10-08,CBD,6.026666666666666,-14.948665297741274
2023-10-09,CBD,7.767777777777778,-14.915811088295689
2023-10-10,CBD,9.237777777777778,-14.882956878850102
2023-10-11,CBD,9.942222222222222,-14.850102669404517
2023-10-12,CBD,14.542222222222222,-14.817248459958932
2023-10-13,CBD,6.057777777777778,-14.784394250513348
2023-10-14,CBD,8.184444444444445,-14.751540041067761
2023-10-15,CBD,5.693333333333333,-14.718685831622176
2023-10-16,CBD,5.264444444444444,-14.685831622176591
2023-10-17,CBD,7.642222222222222,-14.652977412731007
2023-10-18,CBD,14.097777777777777,-14.620123203285422
2023-10-19,CBD,12.45888888888889,-14.587268993839835
2023-10-20,CBD,9.517777777777777,-14.55441478439425
2023-10-21,CBD,7.376666666666667,-14.521560574948666
2023-10-22,CBD,4.637777777777778,-14.48870636550308
2023-10-23,CBD,5.765555555555555,-14.455852156057494
2023-10-24,CBD,8.294444444444444,-14.42299794661191
2023-10-25,CBD,14.452222222222222,-14.390143737166325
2023-10-26,CBD,22.43111111111111,-14.35728952772074
2023-10-27,CBD,23.782222222222224,-14.324435318275153
2023-10-28,CBD,14.14,-14.291581108829568
2023-10-29,CBD,5.858888888888889,-14.258726899383984
2023-10-30,CBD,24.874444444444443,-14.225872689938399
2023-10-31,CBD,7.403333333333333,-14.193018480492814
2023-11-01,CBD,8.818888888888889,-14.160164271047227
2023-11-02,CBD,7.533333333333333,-14.127310061601642
2023-11-03,CBD,9.3966666666666665,-14.094455852156058
2023-11-04,CBD,21.063333333333333,-14.061601642710473
2023-11-05,CBD,24.183333333333334,-14.028747433264886
2023-11-06,CBD,14.063333333333333,-13.995893223819301
2023-11-07,CBD,26.331666666666667,-13.963039014373717
2023-11-08,CBD,6.261666666666667,-13.930184804928132
2023-11-09,CBD,15.148333333333333,-13.897330595482547
2023-11-10,CBD,7.67,-13.86447638603696
2023-11-11,CBD,6.07,-13.831622176591376
2023-11-12,CBD,6.523333333333333,-13.79876796714579
2023-11-13,CBD,10.97,-13.765913757700206
2023-11-14,CBD,6.048333333333334,-13.73305954825462
2023-11-15,CBD,10.66,-13.700205338809035
2023-11-16,CBD,25.06714285714286,-13.66735112936345
2023-11-17,CBD,10.413333333333334,-13.634496919917865
2023-11-18,CBD,6.1275,-13.60164271047228
2023-11-19,CBD,8.273333333333333,-13.568788501026694
2023-11-20,CBD,7.308333333333334,-13.535934291581109
2023-11-21,CBD,8.635,-13.503080082135524
2023-11-22,CBD,7.284166666666667,-13.470225872689939
2023-11-23,CBD,6.681666666666667,-13.437371663244353
2023-11-24,CBD,9.030833333333334,-13.404517453798768
2023-11-25,CBD,7.119166666666667,-13.371663244353183
2023-11-26,CBD,7.245833333333334,-13.338809034907598
2023-11-27,CBD,8.61,-13.305954825462011
2023-11-28,CBD,8.1658333333333335,-13.273100616016427
2023-11-29,CBD,9.5825,-13.240246406570842
2023-11-30,CBD,16.4175,-13.207392197125257
2023-12-01,CBD,21.275333333333332,-13.174537987679672
2023-12-02,CBD,25.273333333333333,-13.141683778234086
2023-12-03,CBD,6.722666666666667,-13.1088295687885
2023-12-04,CBD,7.066,-13.075975359342916
2023-12-05,CBD,7.354666666666667,-13.043121149897331
2023-12-06,CBD,8.979333333333333,-13.010266940451745
2023-12-07,CBD,12.044,-12.97741273100616
2023-12-08,CBD,20.126666666666665,-12.944558521560575
2023-12-09,CBD,23.076666666666668,-12.91170431211499
2023-12-10,CBD,11.022,-12.878850102669405
2023-12-11,CBD,5.301333333333333,-12.845995893223819
2023-12-12,CBD,9.662666666666667,-12.813141683778234
2023-12-13,CBD,11.937333333333333,-12.780287474332649
2023-12-14,CBD,6.441666666666666,-12.747433264887064
2023-12-15,CBD,14.636666666666667,-12.714579055441478
2023-12-16,CBD,14.620000000000001,-12.681724845995893
2023-12-17,CBD,10.964166666666667,-12.648870636550308
2023-12-18,CBD,5.6175,-12.616016427104723
2023-12-19,CBD,5.316666666666666,-12.583162217659138
2023-12-20,CBD,8.895,-12.550308008213552
2023-12-21,CBD,7.5216666666666665,-12.517453798767967
2023-12-22,CBD,8.442499999999999,-12.484599589322382
2023-12-23,CBD,8.5725,-12.451745379876797
2023-12-24,CBD,21.198333333333334,-12.41889117043121
2023-12-25,CBD,22.514166666666668,-12.386036960985626
2023-12-26,CBD,30.229,-12.353182751540041
2023-12-27,CBD,17.343333333333334,-12.320328542094456
2023-12-28,CBD,9.52,-12.28747433264887
2023-12-29,CBD,9.615833333333333,-12.254620123203285
2023-12-30,CBD,9.424166666666666,-12.2217659137577
2023-12-31,CBD,6.555,-12.188911704312115
2024-01-01,CBD,13.201666666666666,-12.15605749486653
2024-01-02,CBD,7.644166666666667,-12.123203285420944
2024-01-03,CBD,10.159166666666666,-12.09034907597536
2024-01-04,CBD,9.356666666666667,-12.057494866529774
2024-01-05,CBD,6.704166666666667,-12.02464065708419
2024-01-06,CBD,13.440833333333334,-11.991786447638603
2024-01-07,CBD,6.096666666666667,-11.958932238193018
2024-01-08,CBD,6.401666666666666,-11.926078028747433
2024-01-09,CBD,7.984166666666667,-11.893223819301848
2024-01-10,CBD,6.42,-11.860369609856264
2024-01-11,CBD,9.449166666666667,-11.827515400410677
2024-01-12,CBD,10.915,-11.794661190965092
2024-01-13,CBD,5.6575,-11.761806981519507
2024-01-14,CBD,6.2058333333333335,-11.728952772073923
2024-01-15,CBD,6.684166666666666,-11.696098562628336
2024-01-16,CBD,11.174166666666666,-11.663244353182751
2024-01-17,CBD,7.047777777777777,-11.630390143737166
2024-01-18,CBD,9.362222222222222,-11.597535934291582
2024-01-19,CBD,11.68,-11.564681724845997
2024-01-20,CBD,6.595555555555555,-11.53182751540041
2024-01-21,CBD,5.162222222222222,-11.498973305954825
2024-01-22,CBD,9.53,-11.46611909650924
2024-01-23,CBD,12.99,-11.433264887063656
2024-01-24,CBD,22.67,-11.40041067761807
2024-01-25,CBD,19.733333333333334,-11.367556468172484
2024-01-26,CBD,7.592222222222222,-11.3347022587269
2024-01-27,CBD,6.595555555555555,-11.301848049281315
2024-01-28,CBD,4.663333333333333,-11.268993839835728
2024-01-29,CBD,8.061111111111112,-11.236139630390143
2024-01-30,CBD,8.96111111111111,-11.203285420944558
2024-01-31,CBD,6.265555555555555,-11.170431211498974
2024-02-01,CBD,19.616666666666667,-11.137577002053389
2024-02-02,CBD,12.173333333333334,-11.104722792607802
2024-02-03,CBD,6.276666666666666,-11.071868583162217
2024-02-04,CBD,5.8933333333333335,-11.039014373716633
2024-02-05,CBD,6.298333333333334,-11.006160164271048
2024-02-06,CBD,5.9366666666666665,-10.973305954825461
2024-02-07,CBD,6.336666666666667,-10.940451745379876
2024-02-08,CBD,14.391666666666667,-10.907597535934292
2024-02-09,CBD,10.455,-10.874743326488707
2024-02-10,CBD,24.97833333333333,-10.841889117043122
2024-02-11,CBD,7.1866666666666665,-10.809034907597535
2024-02-12,CBD,9.565000000000001,-10.77618069815195
2024-02-13,CBD,6.765000000000001,-10.743326488706366
2024-02-14,CBD,5.093333333333334,-10.710472279260781
2024-02-15,CBD,7.3828571428571435,-10.677618069815194
2024-02-16,CBD,5.060833333333333,-10.64476386036961
2024-02-17,CBD,8.545833333333333,-10.611909650924025
2024-02-18,CBD,7.65,-10.57905544147844
2024-02-19,CBD,5.7075000000000005,-10.546201232032855
2024-02-20,CBD,5.570833333333333,-10.513347022587268
2024-02-21,CBD,7.991333333333333,-10.480492813141684
2024-02-22,CBD,7.934666666666667,-10.447638603696099
2024-02-23,CBD,19.93466666666667,-10.414784394250514
2024-02-24,CBD,5.454666666666666,-10.381930184804927
2024-02-25,CBD,5.498,-10.349075975359343
2024-02-26,CBD,12.1725,-10.316221765913758
2024-02-27,CBD,18.134999999999998,-10.283367556468173
2024-02-28,CBD,18.069166666666668,-10.250513347022586
2024-02-29,CBD,4.933333333333334,-10.217659137577002
2024-03-01,CBD,8.445333333333334,-10.184804928131417
2024-03-02,CBD,9.632,-10.151950718685832
2024-03-03,CBD,5.043333333333333,-10.119096509240247
2024-03-04,CBD,9.405833333333334,-10.08624229979466
2024-03-05,CBD,5.075555555555556,-10.053388090349076
2024-03-06,CBD,21.468888888888888,-10.020533880903491
2024-03-07,CBD,5.951818181818182,-9.987679671457906
2024-03-08,CBD,6.3373333333333335,-9.95482546201232
2024-03-09,CBD,7.33,-9.921971252566735
2024-03-10,CBD,4.692666666666667,-9.88911704312115
2024-03-11,CBD,4.7893333333333334,-9.856262833675565
2024-03-12,CBD,8.564666666666668,-9.82340862422998
2024-03-13,CBD,10.984,-9.790554414784394
2024-03-14,CBD,25.366,-9.757700205338809
2024-03-15,CBD,8.150666666666666,-9.724845995893224
2024-03-16,CBD,7.8646666666666665,-9.69199178644764
2024-03-17,CBD,5.517333333333333,-9.659137577002053
2024-03-18,CBD,5.438,-9.626283367556468
2024-03-19,CBD,5.456,-9.593429158110883
2024-03-20,CBD,11.019333333333334,-9.560574948665298
2024-03-21,CBD,4.975333333333333,-9.527720739219713
2024-03-22,CBD,7.798,-9.494866529774127
2024-03-23,CBD,10.022,-9.462012320328542
2024-03-24,CBD,4.96,-9.429158110882957
2024-03-25,CBD,6.344,-9.396303901437372
2024-03-26,CBD,8.116,-9.363449691991786
2024-03-27,CBD,28.13,-9.330595482546201
2024-03-28,CBD,12.826,-9.297741273100616
2024-03-29,CBD,7.439333333333333,-9.264887063655031
2024-03-30,CBD,5.216,-9.232032854209445
2024-03-31,CBD,6.366,-9.19917864476386
2024-04-01,CBD,10.939333333333334,-9.166324435318275
2024-04-02,CBD,15.392,-9.13347022587269
2024-04-03,CBD,7.024,-9.100616016427105
2024-04-04,CBD,6.252666666666666,-9.067761806981519
2024-04-05,CBD,5.644,-9.034907597535934
2024-04-06,CBD,5.441333333333334,-9.00205338809035
2024-04-07,CBD,5.276666666666666,-8.969199178644764
2024-04-08,CBD,7.3326666666666664,-8.936344969199178
2024-04-09,CBD,13.156,-8.903490759753593
2024-04-10,CBD,18.026,-8.870636550308008
2024-04-11,CBD,19.286666666666665,-8.837782340862423
2024-04-12,CBD,10.508181818181818,-8.804928131416839
2024-04-13,CBD,5.81,-8.772073921971252
2024-04-14,CBD,6.6658333333333335,-8.739219712525667
2024-04-15,CBD,9.0344444444444445,-8.706365503080082
2024-04-16,CBD,5.655833333333334,-8.673511293634498
2024-04-17,CBD,7.996666666666667,-8.640657084188911
2024-04-18,CBD,6.93,-8.607802874743326
2024-04-19,CBD,8.824166666666667,-8.574948665297741
2024-04-20,CBD,17.304166666666667,-8.542094455852157
2024-04-21,CBD,5.975,-8.509240246406572
2024-04-22,CBD,5.938666666666666,-8.476386036960985
2024-04-23,CBD,8.108,-8.4435318275154
2024-04-24,CBD,7.9206666666666665,-8.410677618069816
2024-04-25,CBD,6.015333333333333,-8.37782340862423
2024-04-26,CBD,11.830666666666666,-8.344969199178644
2024-04-27,CBD,6.562666666666667,-8.31211498973306
2024-04-28,CBD,16.630666666666666,-8.279260780287474
2024-04-29,CBD,24.893333333333334,-8.24640657084189
2024-04-30,CBD,18.942222222222224,-8.213552361396303
2024-05-01,CBD,19.02888888888889,-8.180698151950718
2024-05-02,CBD,25.225555555555555,-8.147843942505133
2024-05-03,CBD,8.112222222222222,-8.114989733059549
2024-05-04,CBD,7.011111111111111,-8.082135523613964
2024-05-05,CBD,9.585555555555556,-8.049281314168377
2024-05-06,CBD,34.0225,-8.016427104722792
2024-05-07,CBD,8.283333333333333,-7.983572895277208
2024-05-08,CBD,20.697777777777777,-7.950718685831622
2024-05-09,CBD,7.261666666666667,-7.917864476386037
2024-05-10,CBD,7.2775,-7.885010266940451
2024-05-11,CBD,6.5841666666666665,-7.852156057494867
2024-05-12,CBD,7.0375,-7.819301848049282
2024-05-13,CBD,12.2225,-7.786447638603696
2024-05-14,CBD,15.021666666666667,-7.753593429158111
2024-05-15,CBD,9.379166666666666,-7.7207392197125255
2024-05-16,CBD,7.924166666666666,-7.687885010266941
2024-05-17,CBD,8.268333333333333,-7.655030800821355
2024-05-18,CBD,9.958333333333334,-7.62217659137577
2024-05-19,CBD,6.545,-7.5893223819301845
2024-05-20,CBD,17.583333333333332,-7.5564681724846
2024-05-21,CBD,21.251666666666665,-7.523613963039014
2024-05-22,CBD,15.2525,-7.490759753593429
2024-05-23,CBD,17.139166666666668,-7.457905544147844
2024-05-24,CBD,10.458333333333334,-7.425051334702259
2024-05-25,CBD,8.696666666666667,-7.392197125256674
2024-05-26,CBD,20.439166666666665,-7.359342915811088
2024-05-27,CBD,13.17,-7.326488706365503
2024-05-28,CBD,7.591666666666667,-7.293634496919918
2024-05-29,CBD,8.12,-7.260780287474333
2024-05-30,CBD,10.663333333333334,-7.227926078028747
2024-05-31,CBD,8.614166666666666,-7.195071868583162
2024-06-01,CBD,9.975,-7.162217659137577
2024-06-02,CBD,12.805833333333332,-7.129363449691992
2024-06-03,CBD,15.0175,-7.096509240246407
2024-06-04,CBD,23.003636363636364,-7.063655030800821
2024-06-05,CBD,18.938333333333333,-7.030800821355236
2024-06-06,CBD,16.273333333333333,-6.997946611909651
2024-06-07,CBD,10.155,-6.965092402464066
2024-06-08,CBD,6.698333333333333,-6.93223819301848
2024-06-09,CBD,8.985833333333334,-6.899383983572895
2024-06-10,CBD,4.803333333333333,-6.86652977412731
2024-06-11,CBD,5.996666666666667,-6.833675564681725
2024-06-12,CBD,6.465833333333333,-6.80082135523614
2024-06-13,CBD,10.4325,-6.767967145790554
2024-06-14,CBD,15.956666666666667,-6.7351129363449695
2024-06-15,CBD,6.185,-6.702258726899384
2024-06-16,CBD,5.9,-6.669404517453799
2024-06-17,CBD,8.841666666666667,-6.636550308008213
2024-06-18,CBD,11.63,-6.6036960985626285
2024-06-19,CBD,11.486666666666666,-6.570841889117043
2024-06-20,CBD,10.6325,-6.537987679671458
2024-06-21,CBD,13.6225,-6.505133470225872
2024-06-22,CBD,16.434166666666666,-6.4722792607802875
2024-06-23,CBD,11.943333333333333,-6.439425051334703
2024-06-24,CBD,4.8075,-6.406570841889117
2024-06-25,CBD,9.298333333333334,-6.373716632443532
2024-06-26,CBD,11.556666666666667,-6.3408624229979464
2024-06-27,CBD,5.704166666666667,-6.308008213552362
2024-06-28,CBD,4.389166666666667,-6.275154004106776
2024-06-29,CBD,6.205,-6.242299794661191
2024-06-30,CBD,12.760833333333334,-6.209445585215605
2024-07-01,CBD,5.2125,-6.176591375770021
2024-07-02,CBD,5.9075,-6.143737166324435
2024-07-03,CBD,6.2323076923076925,-6.11088295687885
2024-07-04,CBD,10.384615384615385,-6.078028747433265
2024-07-05,CBD,20.363333333333333,-6.04517453798768
2024-07-06,CBD,21.41,-6.012320328542095
2024-07-07,CBD,6.378333333333333,-5.979466119096509
2024-07-08,CBD,15.371666666666666,-5.946611909650924
2024-07-09,CBD,15.5025,-5.9137577002053385
2024-07-10,CBD,10.675,-5.880903490759754
2024-07-11,CBD,4.848333333333334,-5.848049281314168
2024-07-12,CBD,6.684166666666666,-5.815195071868583
2024-07-13,CBD,6.965,-5.782340862422998
2024-07-14,CBD,10.351666666666667,-5.749486652977413
2024-07-15,CBD,24.291666666666668,-5.716632443531828
2024-07-16,CBD,12.615833333333333,-5.683778234086242
2024-07-17,CBD,14.7875,-5.650924024640657
2024-07-18,CBD,10.330833333333333,-5.618069815195072
2024-07-19,CBD,4.826666666666667,-5.585215605749487
2024-07-20,CBD,10.675,-5.552361396303901
2024-07-21,CBD,12.736666666666666,-5.519507186858316
2024-07-22,CBD,9.873333333333333,-5.486652977412731
2024-07-23,CBD,10.355,-5.453798767967146
2024-07-24,CBD,17.110833333333332,-5.420944558521561
2024-07-25,CBD,13.6525,-5.388090349075975
2024-07-26,CBD,5.070833333333333,-5.3552361396303905
2024-07-27,CBD,8.566666666666666,-5.322381930184805
2024-07-28,CBD,17.640833333333333,-5.28952772073922
2024-07-29,CBD,19.409166666666668,-5.256673511293634
2024-07-30,CBD,14.179166666666667,-5.223819301848049
2024-07-31,CBD,9.6025,-5.190965092402464
2024-08-01,CBD,14.618333333333334,-5.158110882956879
2024-08-02,CBD,21.153333333333332,-5.125256673511293
2024-08-03,CBD,9.274166666666666,-5.092402464065708
2024-08-04,CBD,11.080833333333334,-5.059548254620124
2024-08-05,CBD,13.385833333333334,-5.026694045174538
2024-08-06,CBD,17.089166666666667,-4.993839835728953
2024-08-07,CBD,4.8308333333333335,-4.960985626283367
2024-08-08,CBD,8.744166666666667,-4.9281314168377826
2024-08-09,CBD,9.815833333333334,-4.895277207392197
2024-08-10,CBD,7.653333333333333,-4.862422997946612
2024-08-11,CBD,7.059166666666666,-4.829568788501026
2024-08-12,CBD,5.975,-4.7967145790554415
2024-08-13,CBD,5.1658333333333335,-4.763860369609857
2024-08-14,CBD,14.250714285714286,-4.731006160164271
2024-08-15,CBD,13.68388888888889,-4.698151950718686
2024-08-16,CBD,22.059444444444445,-4.6652977412731005
2024-08-17,CBD,16.639333333333333,-4.632443531827516
2024-08-18,CBD,19.332666666666668,-4.59958932238193
2024-08-19,CBD,10.382666666666667,-4.566735112936345
2024-08-20,CBD,6.34,-4.5338809034907595
2024-08-21,CBD,5.308,-4.501026694045175
2024-08-22,CBD,7.776,-4.468172484599589
2024-08-23,CBD,8.874666666666666,-4.435318275154004
2024-08-24,CBD,10.89,-4.402464065708419
2024-08-25,CBD,12.516,-4.369609856262834
2024-08-26,CBD,18.828,-4.336755646817249
2024-08-27,CBD,14.204,-4.303901437371663
2024-08-28,CBD,13.554666666666666,-4.271047227926078
2024-08-29,CBD,6.734705882352941,-4.238193018480493
2024-08-30,CBD,5.472777777777778,-4.205338809034908
2024-08-31,CBD,5.333333333333333,-4.172484599589322
2024-09-01,CBD,11.307222222222222,-4.139630390143737
2024-09-02,CBD,7.851111111111111,-4.1067761806981515
2024-09-03,CBD,5.3533333333333335,-4.073921971252567
2024-09-04,CBD,6.68,-4.041067761806982
2024-09-05,CBD,6.662222222222223,-4.008213552361396
2024-09-06,CBD,6.471111111111111,-3.975359342915811
2024-09-07,CBD,5.737222222222222,-3.9425051334702257
2024-09-08,CBD,4.107222222222222,-3.909650924024641
2024-09-09,CBD,5.652777777777778,-3.8767967145790556
2024-09-10,CBD,6.6338888888888885,-3.8439425051334704
2024-09-11,CBD,5.575555555555556,-3.811088295687885
2024-09-12,CBD,13.222777777777779,-3.7782340862423
2024-09-13,CBD,11.53888888888889,-3.7453798767967146
2024-09-14,CBD,10.495555555555555,-3.7125256673511293
2024-09-15,CBD,10.515555555555556,-3.679671457905544
2024-09-16,CBD,5.565555555555555,-3.646817248459959
2024-09-17,CBD,8.650555555555556,-3.6139630390143735
2024-09-18,CBD,8.760555555555555,-3.5811088295687883
2024-09-19,CBD,11.36,-3.5482546201232035
2024-09-20,CBD,5.540555555555556,-3.515400410677618
2024-09-21,CBD,6.298888888888889,-3.482546201232033
2024-09-22,CBD,4.4944444444444445,-3.4496919917864477
2024-09-23,CBD,5.112222222222222,-3.4168377823408624
2024-09-24,CBD,5.183333333333334,-3.383983572895277
2024-09-25,CBD,5.321111111111112,-3.351129363449692
2024-09-26,CBD,8.430555555555555,-3.3182751540041067
2024-09-27,CBD,7.4127777777777775,-3.2854209445585214
2024-09-28,CBD,5.575,-3.252566735112936
2024-09-29,CBD,4.748888888888889,-3.2197125256673513
2024-09-30,CBD,6.029444444444445,-3.186858316221766
2024-10-01,CBD,6.7588888888888885,-3.154004106776181
2024-10-02,CBD,6.341666666666667,-3.1211498973305956
2024-10-03,CBD,8.07611111111111,-3.0882956878850103
2024-10-04,CBD,8.480555555555556,-3.055441478439425
2024-10-05,CBD,6.024444444444445,-3.02258726899384
2024-10-06,CBD,6.775555555555556,-2.9897330595482545
2024-10-07,CBD,11.282777777777778,-2.9568788501026693
2024-10-08,CBD,5.399444444444445,-2.924024640657084
2024-10-09,CBD,5.569444444444445,-2.891170431211499
2024-10-10,CBD,4.275555555555555,-2.858316221765914
2024-10-11,CBD,4.962777777777778,-2.8254620123203287
2024-10-12,CBD,5.911666666666667,-2.7926078028747434
2024-10-13,CBD,4.538888888888889,-2.759753593429158
2024-10-14,CBD,5.713333333333333,-2.726899383983573
2024-10-15,CBD,4.24,-2.6940451745379876
2024-10-16,CBD,4.462777777777777,-2.6611909650924024
2024-10-17,CBD,4.905,-2.628336755646817
2024-10-18,CBD,4.956111111111111,-2.595482546201232
2024-10-19,CBD,7.957222222222223,-2.5626283367556466
2024-10-20,CBD,7.807222222222222,-2.529774127310062
2024-10-21,CBD,10.70111111111111,-2.4969199178644765
2024-10-22,CBD,9.350555555555555,-2.4640657084188913
2024-10-23,CBD,9.085,-2.431211498973306
2024-10-24,CBD,5.418888888888889,-2.3983572895277208
2024-10-25,CBD,6.091111111111111,-2.3655030800821355
2024-10-26,CBD,4.220555555555555,-2.3326488706365502
2024-10-27,CBD,4.092222222222222,-2.299794661190965
2024-10-28,CBD,6.8149999999999995,-2.2669404517453797
2024-10-29,CBD,5.826111111111111,-2.2340862422997945
2024-10-30,CBD,13.236666666666666,-2.2012320328542097
2024-10-31,CBD,12.137777777777778,-2.1683778234086244
2024-11-01,CBD,6.61,-2.135523613963039
2024-11-02,CBD,4.117222222222222,-2.102669404517454
2024-11-03,CBD,4.135555555555555,-2.0698151950718686
2024-11-04,CBD,4.635555555555555,-2.0369609856262834
2024-11-05,CBD,9.13,-2.004106776180698
2024-11-06,CBD,8.772777777777778,-1.9712525667351128
2024-11-07,CBD,6.689444444444445,-1.9383983572895278
2024-11-08,CBD,4.903888888888889,-1.9055441478439425
2024-11-09,CBD,32.372,-1.8726899383983573
2024-11-10,CBD,5.424444444444444,-1.839835728952772
2024-11-11,CBD,7.556666666666667,-1.8069815195071868
2024-11-12,CBD,6.101111111111111,-1.7741273100616017
2024-11-13,CBD,4.902222222222222,-1.7412731006160165
2024-11-14,CBD,5.490555555555556,-1.7084188911704312
2024-11-15,CBD,11.38,-1.675564681724846
2024-11-16,CBD,4.843333333333334,-1.6427104722792607
2024-11-17,CBD,17.682222222222222,-1.6098562628336757
2024-11-18,CBD,7.611666666666666,-1.5770020533880904
2024-11-19,CBD,6.501666666666667,-1.5441478439425051
2024-11-20,CBD,11.700555555555555,-1.51129363449692
2024-11-21,CBD,4.726111111111111,-1.4784394250513346
2024-11-22,CBD,6.113888888888889,-1.4455852156057496
2024-11-23,CBD,4.576666666666666,-1.4127310061601643
2024-11-24,CBD,3.73,-1.379876796714579
2024-11-25,CBD,5.165555555555556,-1.3470225872689938
2024-11-26,CBD,12.636666666666667,-1.3141683778234086
2024-11-27,CBD,7.6322222222222225,-1.2813141683778233
2024-11-28,CBD,8.952222222222222,-1.2484599589322383
2024-11-29,CBD,6.93,-1.215605749486653
2024-11-30,CBD,6.717222222222222,-1.1827515400410678
2024-12-01,CBD,7.998333333333333,-1.1498973305954825
2024-12-02,CBD,6.890555555555555,-1.1170431211498972
2024-12-03,CBD,6.6305555555555555,-1.0841889117043122
2024-12-04,CBD,9.935555555555556,-1.051334702258727
2024-12-05,CBD,5.722222222222222,-1.0184804928131417
2024-12-06,CBD,3.9055555555555554,-0.9856262833675564
2024-12-07,CBD,8.133888888888889,-0.9527720739219713
2024-12-08,CBD,7.272777777777778,-0.919917864476386
2024-12-09,CBD,11.793333333333333,-0.8870636550308009
2024-12-10,CBD,16.42888888888889,-0.8542094455852156
2024-12-11,CBD,8.16,-0.8213552361396304
2024-12-12,CBD,5.538333333333333,-0.7885010266940452
2024-12-13,CBD,6.01,-0.75564681724846
2024-12-14,CBD,6.176111111111111,-0.7227926078028748
2024-12-15,CBD,10.75388888888889,-0.6899383983572895
2024-12-16,CBD,5.471666666666667,-0.6570841889117043
2024-12-17,CBD,10.339444444444444,-0.6242299794661191
2024-12-18,CBD,9.712222222222222,-0.5913757700205339
2024-12-19,CBD,4.793888888888889,-0.5585215605749486
2024-12-20,CBD,8.154444444444444,-0.5256673511293635
2024-12-21,CBD,5.0633333333333335,-0.4928131416837782
2024-12-22,CBD,4.192222222222222,-0.459958932238193
2024-12-23,CBD,8.9094444444444445,-0.4271047227926078
2024-12-24,CBD,12.893888888888888,-0.3942505133470226
2024-12-25,CBD,10.338333333333333,-0.3613963039014374
2024-12-26,CBD,10.9,-0.32854209445585214
2024-12-27,CBD,15.697777777777778,-0.29568788501026694
2024-12-28,CBD,16.935,-0.26283367556468173
2024-12-29,CBD,10.242222222222223,-0.2299794661190965
2024-12-30,CBD,4.2027777777777775,-0.1971252566735113
2024-12-31,CBD,9.0344444444444445,-0.16427104722792607
2025-01-01,CBD,5.885555555555555,-0.13141683778234087
2025-01-02,CBD,4.567222222222222,-0.09856262833675565
2025-01-03,CBD,7.769444444444444,-0.06570841889117043
2025-01-04,CBD,3.602777777777778,-0.03285420944558522
2025-01-05,CBD,5.5344444444444445,0
2025-01-06,CBD,9.23611111111111,0.03285420944558522
2025-01-07,CBD,3.971111111111111,0.06570841889117043
2025-01-08,CBD,4.156666666666666,0.09856262833675565
2025-01-09,CBD,4.084444444444444,0.13141683778234087
2025-01-10,CBD,4.859444444444445,0.16427104722792607
2025-01-11,CBD,7.941111111111111,0.1971252566735113
2025-01-12,CBD,11.243333333333334,0.2299794661190965
2025-01-13,CBD,13.894444444444444,0.26283367556468173
2025-01-14,CBD,5.235555555555555,0.29568788501026694
2025-01-15,CBD,4.112222222222222,0.32854209445585214
2025-01-16,CBD,11.033888888888889,0.3613963039014374
2025-01-17,CBD,13.961666666666666,0.3942505133470226
2025-01-18,CBD,6.4127777777777775,0.4271047227926078
2025-01-19,CBD,8.378333333333334,0.459958932238193
2025-01-20,CBD,4.932777777777778,0.4928131416837782
2025-01-21,CBD,8.174444444444445,0.5256673511293635
2025-01-22,CBD,8.17611111111111,0.5585215605749486
2025-01-23,CBD,10.309444444444445,0.5913757700205339
2025-01-24,CBD,8.65611111111111,0.6242299794661191
2025-01-25,CBD,7.683888888888889,0.6570841889117043
2025-01-26,CBD,9.00388888888889,0.6899383983572895
2025-01-27,CBD,6.400555555555556,0.7227926078028748
2025-01-28,CBD,4.170555555555556,0.75564681724846
2025-01-29,CBD,7.4061111111111115,0.7885010266940452
2025-01-30,CBD,4.281666666666666,0.8213552361396304
2025-01-31,CBD,11.847222222222223,0.8542094455852156
2025-02-01,CBD,4.872222222222222,0.8870636550308009
2025-02-02,CBD,6.1433333333333335,0.919917864476386
2025-02-03,CBD,17.108333333333334,0.9527720739219713
2025-02-04,CBD,4.153333333333333,0.9856262833675564
2025-02-05,CBD,4.306111111111111,1.0184804928131417
2025-02-06,CBD,6.405555555555556,1.051334702258727
2025-02-07,CBD,5.801111111111111,1.0841889117043122
2025-02-08,CBD,7.193888888888889,1.1170431211498972
2025-02-09,CBD,7.35,1.1498973305954825
2025-02-10,CBD,7.025555555555556,1.1827515400410678
2025-02-11,CBD,7.905,1.215605749486653
2025-02-12,CBD,11.89,1.2484599589322383
2025-02-13,CBD,12.362222222222222,1.2813141683778233
2025-02-14,CBD,5.026111111111112,1.3141683778234086
2025-02-15,CBD,5.798333333333334,1.3470225872689938
2025-02-16,CBD,5.121111111111111,1.379876796714579
2025-02-17,CBD,3.6927777777777777,1.4127310061601643
2025-02-18,CBD,4.1866666666666665,1.4455852156057496
2025-02-19,CBD,4.601666666666667,1.4784394250513346
2025-02-20,CBD,5.689444444444445,1.51129363449692
2025-02-21,CBD,5.0311111111111115,1.5441478439425051
2025-02-22,CBD,6.770555555555555,1.5770020533880904
2025-02-23,CBD,8.265555555555556,1.6098562628336757
2025-02-24,CBD,13.534444444444444,1.6427104722792607
2025-02-25,CBD,12.27111111111111,1.675564681724846
2025-02-26,CBD,5.901666666666666,1.7084188911704312
2025-02-27,CBD,11.707222222222223,1.7412731006160165
2025-02-28,CBD,4.7572222222222225,1.7741273100616017
2025-03-01,CBD,5.636666666666667,1.8069815195071868
2025-03-02,CBD,4.136111111111111,1.839835728952772
2025-03-03,CBD,5.973888888888889,1.8726899383983573
2025-03-04,CBD,10.193333333333333,1.9055441478439425
2025-03-05,CBD,7.189444444444445,1.9383983572895278
2025-03-06,CBD,4.929444444444444,1.9712525667351128
2025-03-07,CBD,4.232222222222222,2.004106776180698
2025-03-08,CBD,3.938888888888889,2.0369609856262834
2025-03-09,CBD,5.47,2.0698151950718686
2025-03-10,CBD,5.523333333333333,2.102669404517454
2025-03-11,CBD,6.513888888888889,2.135523613963039
2025-03-12,CBD,6.973333333333334,2.1683778234086244
2025-03-13,CBD,5.636666666666667,2.2012320328542097
2025-03-14,CBD,9.798333333333334,2.2340862422997945
2025-03-15,CBD,7.352777777777778,2.2669404517453797
2025-03-16,CBD,8.191666666666666,2.299794661190965
2025-03-17,CBD,6.171111111111111,2.3326488706365502
2025-03-18,CBD,4.567777777777778,2.3655030800821355
2025-03-19,CBD,5.883333333333333,2.3983572895277208
2025-03-20,CBD,4.642777777777778,2.431211498973306
2025-03-21,CBD,4.171666666666667,2.4640657084188913
2025-03-22,CBD,5.266111111111111,2.4969199178644765
2025-03-23,CBD,4.492222222222223,2.529774127310062
2025-03-24,CBD,9.257777777777777,2.5626283367556466
2025-03-25,CBD,6.42,2.595482546201232
2025-03-26,CBD,6.334444444444444,2.628336755646817
2025-03-27,CBD,4.573333333333333,2.6611909650924024
2025-03-28,CBD,9.08388888888889,2.6940451745379876
2025-03-29,CBD,10.22,2.726899383983573
2025-03-30,CBD,11.06388888888889,2.759753593429158
2025-03-31,CBD,14.449444444444445,2.7926078028747434
2025-04-01,CBD,5.022222222222222,2.8254620123203287
2025-04-02,CBD,5.738333333333333,2.858316221765914
2025-04-03,CBD,13.381666666666666,2.891170431211499
2025-04-04,CBD,5.166111111111111,2.924024640657084
2025-04-05,CBD,4.531666666666666,2.9568788501026693
2025-04-06,CBD,5.817222222222222,2.9897330595482545
2025-04-07,CBD,5.348888888888889,3.02258726899384
2025-04-08,CBD,4.04,3.055441478439425
2025-04-09,CBD,4.663888888888889,3.0882956878850103
2025-04-10,CBD,7.167777777777778,3.1211498973305956
2025-04-11,CBD,6.9222222222222225,3.154004106776181
2025-04-12,CBD,4.235,3.186858316221766
2025-04-13,CBD,3.732222222222222,3.2197125256673513
2025-04-14,CBD,7.695,3.252566735112936
2025-04-15,CBD,8.94,3.2854209445585214
2025-04-16,CBD,3.8716666666666666,3.3182751540041067
2025-04-17,CBD,4.42,3.351129363449692
2025-04-18,CBD,6.424444444444444,3.383983572895277
2025-04-19,CBD,12.687222222222223,3.4168377823408624
2025-04-20,CBD,3.9455555555555555,3.4496919917864477
2025-04-21,CBD,4.821111111111111,3.482546201232033
2025-04-22,CBD,8.537777777777778,3.515400410677618
2025-04-23,CBD,6.371111111111111,3.5482546201232035
2025-04-24,CBD,12.409444444444444,3.5811088295687883
2025-04-25,CBD,8.140555555555556,3.6139630390143735
2025-04-26,CBD,9.375,3.646817248459959
2025-04-27,CBD,3.116111111111111,3.679671457905544
2025-04-28,CBD,4.942777777777778,3.7125256673511293
2025-04-29,CBD,6.915,3.7453798767967146
2025-04-30,CBD,3.9677777777777776,3.7782340862423
2025-05-01,CBD,4.336111111111111,3.811088295687885
2025-05-02,CBD,9.78,3.8439425051334704
2025-05-03,CBD,12.428333333333333,3.8767967145790556
2025-05-04,CBD,7.627777777777777,3.909650924024641
2025-05-05,CBD,7.375555555555556,3.9425051334702257
2025-05-06,CBD,7.358333333333333,3.975359342915811
2025-05-07,CBD,5.233333333333333,4.008213552361396
2025-05-08,CBD,11.490555555555556,4.041067761806982
2025-05-09,CBD,9.339444444444444,4.073921971252567
2025-05-10,CBD,4.877222222222223,4.1067761806981515
2025-05-11,CBD,6.997777777777777,4.139630390143737
2025-05-12,CBD,5.156666666666667,4.172484599589322
2025-05-13,CBD,10.206111111111111,4.205338809034908
2025-05-14,CBD,7.63,4.238193018480493
2025-05-15,CBD,15.072777777777777,4.271047227926078
2025-05-16,CBD,16.074444444444445,4.303901437371663
2025-05-17,CBD,9.26388888888889,4.336755646817249
2025-05-18,CBD,4.081666666666667,4.369609856262834
2025-05-19,CBD,4.697777777777778,4.402464065708419
2025-05-20,CBD,4.013888888888888,4.435318275154004
2025-05-21,CBD,5.330555555555556,4.468172484599589
2025-05-22,CBD,4.833888888888889,4.501026694045175
2025-05-23,CBD,5.901111111111111,4.5338809034907595
2025-05-24,CBD,3.5616666666666665,4.566735112936345
2025-05-25,CBD,4.5472222222222225,4.59958932238193
2025-05-26,CBD,4.161666666666667,4.632443531827516
2025-05-27,CBD,6.044444444444444,4.6652977412731005
2025-05-28,CBD,5.079444444444444,4.698151950718686
2025-05-29,CBD,6.806111111111111,4.731006160164271
2025-05-30,CBD,13.006666666666666,4.763860369609857
2025-05-31,CBD,7.153888888888889,4.7967145790554415
