date,Value,running_var
2019-06-06,10.04,-67.02258726899385
2019-06-07,10.665,-66.98973305954826
2019-06-08,7.59,-66.95687885010267
2019-06-09,5.855,-66.92402464065708
2019-06-10,10.4,-66.89117043121149
2019-06-11,9.605,-66.85831622176592
2019-06-12,8.600000000000001,-66.82546201232033
2019-06-13,7.79,-66.79260780287474
2019-06-14,9.395,-66.75975359342915
2019-06-15,8.665,-66.72689938398358
2019-06-16,10.425,-66.69404517453799
2019-06-17,13.215,-66.6611909650924
2019-06-18,19.23,-66.62833675564681
2019-06-19,17.525,-66.59548254620123
2019-06-20,16.59,-66.56262833675565
2019-06-21,9.29,-66.52977412731006
2019-06-22,7.2,-66.49691991786447
2019-06-23,6.905,-66.46406570841889
2019-06-24,8.195,-66.43121149897331
2019-06-25,11.325,-66.39835728952772
2019-06-26,11.69,-66.36550308008214
2019-06-27,9.515,-66.33264887063655
2019-06-28,10.780000000000001,-66.29979466119096
2019-06-29,11.719999999999999,-66.26694045174538
2019-06-30,8.415,-66.2340862422998
2019-07-01,7.485,-66.20123203285421
2019-07-02,8.01,-66.16837782340862
2019-07-03,14.02,-66.13552361396304
2019-07-04,15.14,-66.10266940451746
2019-07-05,16.14,-66.06981519507187
2019-07-06,14.62,-66.03696098562628
2019-07-07,11.399999999999999,-66.00410677618069
2019-07-08,11.190000000000001,-65.97125256673512
2019-07-09,15.64,-65.93839835728953
2019-07-10,18.145,-65.90554414784394
2019-07-11,14.08,-65.87268993839835
2019-07-12,11.23,-65.83983572895278
2019-07-13,11.645,-65.80698151950719
2019-07-14,11.05,-65.7741273100616
2019-07-15,7.1,-65.74127310061601
2019-07-16,11.355,-65.70841889117042
2019-07-17,16.16,-65.67556468172485
2019-07-18,10.395,-65.64271047227926
2019-07-19,17.25,-65.60985626283367
2019-07-20,15.95,-65.57700205338809
2019-07-21,13.03,-65.54414784394251
2019-07-22,8.715,-65.51129363449692
2019-07-23,7,-65.47843942505133
2019-07-24,9.24,-65.44558521560575
2019-07-25,12.325,-65.41273100616016
2019-07-26,13.77,-65.37987679671458
2019-07-27,13.600000000000001,-65.347022587269
2019-07-28,14.225000000000001,-65.3141683778234
2019-07-29,17.89,-65.28131416837782
2019-07-30,20.240000000000002,-65.24845995893224
2019-07-31,17.43,-65.21560574948666
2019-08-01,13.64,-65.18275154004107
2019-08-02,12.805,-65.14989733059548
2019-08-03,11.135,-65.11704312114989
2019-08-04,9.155000000000001,-65.08418891170432
2019-08-05,11.045,-65.05133470225873
2019-08-06,16.02,-65.01848049281314
2019-08-07,15.685,-64.98562628336755
2019-08-08,16.75,-64.95277207392198
2019-08-09,11.149999999999999,-64.91991786447639
2019-08-10,6.75,-64.8870636550308
2019-08-11,6.135,-64.85420944558521
2019-08-12,9.05,-64.82135523613962
2019-08-13,11.765,-64.78850102669405
2019-08-14,22.845,-64.75564681724846
2019-08-15,18.384999999999998,-64.72279260780287
2019-08-16,11.46,-64.68993839835728
2019-08-17,10.649999999999999,-64.65708418891171
2019-08-18,16.119999999999997,-64.62422997946612
2019-08-19,10.475,-64.59137577002053
2019-08-20,10.335,-64.55852156057495
2019-08-21,14.635,-64.52566735112936
2019-08-22,10.79,-64.49281314168378
2019-08-23,9.379999999999999,-64.4599589322382
2019-08-24,7.15,-64.4271047227926
2019-08-25,6.3,-64.39425051334702
2019-08-26,7.220000000000001,-64.36139630390144
2019-08-27,9.02,-64.32854209445586
2019-08-28,9.76,-64.29568788501027
2019-08-29,8.905000000000001,-64.26283367556468
2019-08-30,8.47,-64.22997946611909
2019-08-31,7.52,-64.19712525667352
2019-09-01,6.485,-64.16427104722793
2019-09-02,7.1,-64.13141683778234
2019-09-03,10.01,-64.09856262833675
2019-09-04,14.120000000000001,-64.06570841889118
2019-09-05,8.175,-64.03285420944559
2019-09-06,8.12,-64
2019-09-07,7.5600000000000005,-63.96714579055441
2019-09-08,8.28,-63.93429158110883
2019-09-09,9.67,-63.90143737166324
2019-09-10,9.82,-63.86858316221766
2019-09-11,10.03,-63.83572895277207
2019-09-12,16.84,-63.80287474332649
2019-09-13,7.390000000000001,-63.7700205338809
2019-09-14,7.47,-63.73716632443532
2019-09-15,7.805,-63.70431211498973
2019-09-16,9.35,-63.671457905544145
2019-09-17,7.73,-63.63860369609856
2019-09-18,7.79,-63.605749486652975
2019-09-19,7.359999999999999,-63.572895277207394
2019-09-20,10.24,-63.540041067761805
2019-09-21,10.7,-63.507186858316224
2019-09-22,12.99,-63.474332648870636
2019-09-23,13.2,-63.441478439425055
2019-09-24,6.470000000000001,-63.408624229979466
2019-09-25,8.12,-63.37577002053388
2019-09-26,9.855,-63.3429158110883
2019-09-27,8.405000000000001,-63.31006160164271
2019-09-28,6.745,-63.27720739219713
2019-09-29,6.765000000000001,-63.24435318275154
2019-09-30,6.0600000000000005,-63.21149897330596
2019-10-01,7.945,-63.17864476386037
2019-10-02,12.54,-63.14579055441479
2019-10-03,5.43,-63.1129363449692
2019-10-04,7.859999999999999,-63.08008213552361
2019-10-05,6.140000000000001,-63.04722792607803
2019-10-06,7.25,-63.01437371663244
2019-10-07,7.335,-62.98151950718686
2019-10-08,7.35,-62.94866529774127
2019-10-09,8,-62.91581108829569
2019-10-10,7.710000000000001,-62.8829568788501
2019-10-11,6.29,-62.85010266940452
2019-10-12,6.53,-62.81724845995893
2019-10-13,8.01,-62.784394250513344
2019-10-14,10.015,-62.75154004106776
2019-10-15,8.27,-62.718685831622174
2019-10-16,9.455,-62.68583162217659
2019-10-17,5.32,-62.652977412731005
2019-10-18,5.415,-62.620123203285424
2019-10-19,8.120000000000001,-62.587268993839835
2019-10-20,14.379999999999999,-62.554414784394254
2019-10-21,11.205,-62.521560574948666
2019-10-22,9.545,-62.48870636550308
2019-10-23,7.17,-62.455852156057496
2019-10-24,8.675,-62.42299794661191
2019-10-25,13.82,-62.390143737166326
2019-10-26,9.530000000000001,-62.35728952772074
2019-10-27,6.74,-62.32443531827516
2019-10-28,7.275,-62.29158110882957
2019-10-29,7.92,-62.25872689938399
2019-10-30,13.8,-62.2258726899384
2019-10-31,10.385000000000002,-62.19301848049281
2019-11-01,6.779999999999999,-62.16016427104723
2019-11-02,7.945,-62.12731006160164
2019-11-03,10.51,-62.09445585215606
2019-11-04,8.379999999999999,-62.06160164271047
2019-11-05,8,-62.02874743326489
2019-11-06,8.925,-61.9958932238193
2019-11-07,14.129999999999999,-61.96303901437371
2019-11-08,5.109999999999999,-61.93018480492813
2019-11-09,6.08,-61.89733059548254
2019-11-10,7.605,-61.86447638603696
2019-11-11,16.5,-61.831622176591374
2019-11-12,10.05,-61.79876796714579
2019-11-13,6.74,-61.765913757700204
2019-11-14,8.535,-61.73305954825462
2019-11-15,16.72,-61.700205338809035
2019-11-16,6.83,-61.667351129363446
2019-11-17,5.5649999999999995,-61.634496919917865
2019-11-18,9.8,-61.60164271047228
2019-11-19,13.34,-61.568788501026695
2019-11-20,12.035,-61.53593429158111
2019-11-21,14.34,-61.503080082135526
2019-11-22,21.785,-61.47022587268994
2019-11-23,7.42,-61.437371663244356
2019-11-24,8.03,-61.40451745379877
2019-11-25,23.41,-61.37166324435318
2019-11-26,22.65,-61.3388090349076
2019-11-27,17.655,-61.30595482546201
2019-11-28,4.734999999999999,-61.27310061601643
2019-11-29,6.85,-61.24024640657084
2019-11-30,8.495000000000001,-61.20739219712526
2019-12-01,9.94,-61.17453798767967
2019-12-02,9.8,-61.14168377823409
2019-12-03,9.345,-61.1088295687885
2019-12-04,15.719999999999999,-61.07597535934291
2019-12-05,16.16,-61.04312114989733
2019-12-06,9.53,-61.01026694045174
2019-12-07,7.44,-60.97741273100616
2019-12-08,8.690000000000001,-60.94455852156057
2019-12-09,12.38,-60.91170431211499
2019-12-10,13.95,-60.878850102669404
2019-12-11,7.38,-60.84599589322382
2019-12-12,11.59,-60.813141683778234
2019-12-13,15.91,-60.780287474332646
2019-12-14,13.37,-60.747433264887064
2019-12-15,9.94,-60.714579055441476
2019-12-16,10.61,-60.681724845995895
2019-12-17,14.675,-60.648870636550306
2019-12-18,15.7,-60.616016427104725
2019-12-19,10.635,-60.58316221765914
2019-12-20,15.335,-60.550308008213555
2019-12-21,17.56,-60.51745379876797
2019-12-22,28.235,-60.48459958932238
2019-12-23,25.78,-60.4517453798768
2019-12-24,19.365,-60.41889117043121
2019-12-25,12.86,-60.38603696098563
2019-12-26,30.47,-60.35318275154004
2019-12-27,12.76,-60.32032854209446
2019-12-28,31.47,-60.28747433264887
2019-12-29,30.42,-60.25462012320329
2019-12-30,11.14,-60.2217659137577
2019-12-31,12,-60.18891170431211
2020-01-01,7.98,-60.15605749486653
2020-01-02,16.02,-60.12320328542094
2020-01-03,15.385,-60.09034907597536
2020-01-04,23.28,-60.05749486652977
2020-01-05,6.26,-60.02464065708419
2020-01-06,12.975000000000001,-59.9917864476386
2020-01-07,12.68,-59.95893223819302
2020-01-08,15.9,-59.92607802874743
2020-01-09,9.13,-59.893223819301845
2020-01-10,9.32,-59.860369609856264
2020-01-11,8.68,-59.827515400410675
2020-01-12,6.15,-59.794661190965094
2020-01-13,7.37,-59.761806981519506
2020-01-14,18.37,-59.728952772073924
2020-01-15,22.494999999999997,-59.696098562628336
2020-01-16,23.62,-59.663244353182755
2020-01-17,7.155,-59.630390143737166
2020-01-18,8.69,-59.59753593429158
2020-01-19,8.87,-59.564681724846
2020-01-20,7.535,-59.53182751540041
2020-01-21,10,-59.49897330595483
2020-01-22,11.1,-59.46611909650924
2020-01-23,17.759999999999998,-59.43326488706366
2020-01-24,26.75,-59.40041067761807
2020-01-25,9.350000000000001,-59.36755646817249
2020-01-26,7.825,-59.3347022587269
2020-01-27,8.495000000000001,-59.30184804928131
2020-01-28,6.645,-59.26899383983573
2020-01-29,6.45,-59.23613963039014
2020-01-30,8.23,-59.20328542094456
2020-01-31,9.54,-59.17043121149897
2020-02-01,16.58,-59.13757700205339
2020-02-02,17.98,-59.1047227926078
2020-02-03,13.72,-59.07186858316222
2020-02-04,17.18,-59.03901437371663
2020-02-05,8.74,-59.006160164271044
2020-02-06,8.71,-58.97330595482546
2020-02-07,11.675,-58.940451745379875
2020-02-08,6.42,-58.90759753593429
2020-02-09,13.26,-58.874743326488705
2020-02-10,13.67,-58.841889117043124
2020-02-11,18.35,-58.809034907597535
2020-02-12,15.15,-58.776180698151954
2020-02-13,18.06,-58.743326488706366
2020-02-14,10.11,-58.71047227926078
2020-02-15,11.28,-58.677618069815196
2020-02-16,16.24,-58.64476386036961
2020-02-17,15.28,-58.61190965092403
2020-02-18,13.52,-58.57905544147844
2020-02-19,10.75,-58.54620123203286
2020-02-20,8.285,-58.51334702258727
2020-02-21,8.445,-58.48049281314169
2020-02-22,12.78,-58.4476386036961
2020-02-23,13.74,-58.41478439425051
2020-02-24,18.990000000000002,-58.38193018480493
2020-02-25,15.63,-58.34907597535934
2020-02-26,13.77,-58.31622176591376
2020-02-27,6.33,-58.28336755646817
2020-02-28,10.74,-58.25051334702259
2020-02-29,7.96,-58.217659137577
2020-03-01,8.39,-58.18480492813142
2020-03-02,13.2,-58.15195071868583
2020-03-03,15.33,-58.119096509240244
2020-03-04,7.92,-58.08624229979466
2020-03-05,6.96,-58.053388090349074
2020-03-06,10.620000000000001,-58.02053388090349
2020-03-07,6.390000000000001,-57.987679671457904
2020-03-08,7.15,-57.95482546201232
2020-03-09,10.79,-57.921971252566735
2020-03-10,10.55,-57.889117043121146
2020-03-11,7.29,-57.856262833675565
2020-03-12,9.89,-57.82340862422998
2020-03-13,9,-57.790554414784395
2020-03-14,4.675000000000001,-57.75770020533881
2020-03-15,5.235,-57.724845995893226
2020-03-16,6.63,-57.69199178644764
2020-03-17,7.975,-57.659137577002056
2020-03-18,9.52,-57.62628336755647
2020-03-19,6.460000000000001,-57.59342915811088
2020-03-20,15.38,-57.5605749486653
2020-03-21,4.460000000000001,-57.52772073921971
2020-03-22,6.54,-57.49486652977413
2020-03-23,5.859999999999999,-57.46201232032854
2020-03-24,4.32,-57.42915811088296
2020-03-25,6.51,-57.39630390143737
2020-03-26,8.03,-57.36344969199179
2020-03-27,8.03,-57.3305954825462
2020-03-28,5.975,-57.29774127310061
2020-03-29,3.8,-57.26488706365503
2020-03-30,6.710000000000001,-57.23203285420944
2020-03-31,5.5,-57.19917864476386
2020-04-01,5.8,-57.16632443531827
2020-04-02,4.59,-57.13347022587269
2020-04-03,3.01,-57.100616016427104
2020-04-04,3.365,-57.06776180698152
2020-04-05,9.88,-57.034907597535934
2020-04-06,5.615,-57.002053388090346
2020-04-07,5.1,-56.969199178644764
2020-04-08,11.83,-56.936344969199176
2020-04-09,8.59,-56.903490759753595
2020-04-10,3.46,-56.87063655030801
2020-04-11,4.255,-56.837782340862425
2020-04-12,7.17,-56.80492813141684
2020-04-13,6.59,-56.772073921971256
2020-04-14,4.28,-56.73921971252567
2020-04-15,6.04,-56.70636550308008
2020-04-16,5.9,-56.6735112936345
2020-04-17,7.8,-56.64065708418891
2020-04-18,8.344999999999999,-56.60780287474333
2020-04-19,8.725000000000001,-56.57494866529774
2020-04-20,5.57,-56.54209445585216
2020-04-21,6.33,-56.50924024640657
2020-04-22,4.305,-56.47638603696099
2020-04-23,8.51,-56.4435318275154
2020-04-24,8.18,-56.41067761806981
2020-04-25,10.535,-56.37782340862423
2020-04-26,6.6,-56.34496919917864
2020-04-27,3.275,-56.31211498973306
2020-04-28,4.66,-56.27926078028747
2020-04-29,8.85,-56.24640657084189
2020-04-30,7.475,-56.2135523613963
2020-05-01,6.75,-56.18069815195072
2020-05-02,4.45,-56.14784394250513
2020-05-03,7.18,-56.114989733059545
2020-05-04,5.365,-56.082135523613964
2020-05-05,4.47,-56.049281314168375
2020-05-06,6.84,-56.016427104722794
2020-05-07,6.035,-55.983572895277206
2020-05-08,5.59,-55.950718685831625
2020-05-09,3.62,-55.917864476386036
2020-05-10,5.67,-55.885010266940455
2020-05-11,5.95,-55.85215605749487
2020-05-12,5.05,-55.81930184804928
2020-05-13,5.79,-55.7864476386037
2020-05-14,7.24,-55.75359342915811
2020-05-15,10.14,-55.72073921971253
2020-05-16,3.87,-55.68788501026694
2020-05-17,4.31,-55.65503080082136
2020-05-18,4.925,-55.62217659137577
2020-05-19,5.470000000000001,-55.58932238193019
2020-05-20,4.609999999999999,-55.5564681724846
2020-05-21,6.265,-55.52361396303901
2020-05-22,7.245,-55.49075975359343
2020-05-23,8.71,-55.45790554414784
2020-05-24,6.66,-55.42505133470226
2020-05-25,7.04,-55.39219712525667
2020-05-26,14.41,-55.35934291581109
2020-05-27,5.574999999999999,-55.3264887063655
2020-05-28,7.535,-55.29363449691992
2020-05-29,7.915,-55.26078028747433
2020-05-30,4.59,-55.227926078028744
2020-05-31,2.795,-55.19507186858316
2020-06-01,3.67,-55.162217659137575
2020-06-02,5.26,-55.129363449691994
2020-06-03,7.155,-55.096509240246405
2020-06-04,6.675000000000001,-55.063655030800824
2020-06-05,10.07,-55.030800821355236
2020-06-06,8.844999999999999,-54.997946611909654
2020-06-07,3.665,-54.965092402464066
2020-06-08,4.135,-54.93223819301848
2020-06-09,6.449999999999999,-54.899383983572896
2020-06-10,8.54,-54.86652977412731
2020-06-11,8.44,-54.83367556468173
2020-06-12,5.39,-54.80082135523614
2020-06-13,3.5300000000000002,-54.76796714579056
2020-06-14,3.58,-54.73511293634497
2020-06-15,5.23,-54.70225872689939
2020-06-16,5.35,-54.6694045174538
2020-06-17,5.12,-54.63655030800821
2020-06-18,6.72,-54.60369609856263
2020-06-19,8,-54.57084188911704
2020-06-20,7.715,-54.53798767967146
2020-06-21,5.02,-54.50513347022587
2020-06-22,5.984999999999999,-54.47227926078029
2020-06-23,8.5,-54.4394250513347
2020-06-24,7.355,-54.40657084188912
2020-06-25,5.15,-54.37371663244353
2020-06-26,6.04,-54.340862422997944
2020-06-27,7.56,-54.30800821355236
2020-06-28,9.01,-54.275154004106774
2020-06-29,6.94,-54.24229979466119
2020-06-30,5.14,-54.209445585215605
2020-07-01,7.48,-54.17659137577002
2020-07-02,8.379999999999999,-54.143737166324435
2020-07-03,13.379999999999999,-54.110882956878854
2020-07-04,11.145,-54.078028747433265
2020-07-05,17.595,-54.04517453798768
2020-07-06,12.475000000000001,-54.012320328542096
2020-07-07,12.54,-53.97946611909651
2020-07-08,11.559999999999999,-53.946611909650926
2020-07-09,10.23,-53.91375770020534
2020-07-10,6.050000000000001,-53.880903490759756
2020-07-11,7.27,-53.84804928131417
2020-07-12,5.825,-53.81519507186858
2020-07-13,6.425,-53.782340862423
2020-07-14,5.19,-53.74948665297741
2020-07-15,7.23,-53.71663244353183
2020-07-16,5.13,-53.68377823408624
2020-07-17,5.96,-53.65092402464066
2020-07-18,9.835,-53.61806981519507
2020-07-19,11.864999999999998,-53.58521560574949
2020-07-20,12.21,-53.5523613963039
2020-07-21,6.32,-53.51950718685831
2020-07-22,10.754999999999999,-53.48665297741273
2020-07-23,10.67,-53.45379876796714
2020-07-24,8.22,-53.42094455852156
2020-07-25,9.675,-53.38809034907597
2020-07-26,7.135,-53.35523613963039
2020-07-27,8.03,-53.322381930184804
2020-07-28,8.68,-53.28952772073922
2020-07-29,8.295,-53.256673511293634
2020-07-30,8.23,-53.223819301848046
2020-07-31,7.455,-53.190965092402465
2020-08-01,9.094999999999999,-53.158110882956876
2020-08-02,7.3,-53.125256673511295
2020-08-03,6.12,-53.09240246406571
2020-08-04,7.405,-53.059548254620125
2020-08-05,8.129999999999999,-53.02669404517454
2020-08-06,11.155000000000001,-52.993839835728956
2020-08-07,12.26,-52.96098562628337
2020-08-08,9.61,-52.92813141683778
2020-08-09,10.515,-52.8952772073922
2020-08-10,15.795,-52.86242299794661
2020-08-11,13.275,-52.82956878850103
2020-08-12,19.05,-52.79671457905544
2020-08-13,11.75,-52.76386036960986
2020-08-14,12.495000000000001,-52.73100616016427
2020-08-15,9.67,-52.69815195071869
2020-08-16,9.375,-52.6652977412731
2020-08-17,8.96,-52.63244353182751
2020-08-18,6.8,-52.59958932238193
2020-08-19,8.85,-52.56673511293634
2020-08-20,5.46,-52.53388090349076
2020-08-21,7.505,-52.50102669404517
2020-08-22,9.78,-52.46817248459959
2020-08-23,8.88,-52.435318275154
2020-08-24,7.62,-52.40246406570842
2020-08-25,10.72,-52.369609856262834
2020-08-26,4.64,-52.336755646817245
2020-08-27,8.695,-52.303901437371664
2020-08-28,12.91,-52.271047227926076
2020-08-29,7.56,-52.238193018480494
2020-08-30,4.55,-52.205338809034906
2020-08-31,4.98,-52.172484599589325
2020-09-01,5.355,-52.139630390143736
2020-09-02,6.62,-52.106776180698155
2020-09-03,8.23,-52.07392197125257
2020-09-04,9.77,-52.04106776180698
2020-09-05,4.36,-52.0082135523614
2020-09-06,6.08,-51.97535934291581
2020-09-07,4.42,-51.94250513347023
2020-09-08,6.32,-51.90965092402464
2020-09-09,8.71,-51.87679671457906
2020-09-10,6.585,-51.84394250513347
2020-09-11,7.47,-51.81108829568789
2020-09-12,5.3,-51.7782340862423
2020-09-13,6.0649999999999995,-51.74537987679671
2020-09-14,6.23,-51.71252566735113
2020-09-15,4.47,-51.67967145790554
2020-09-16,5.77,-51.64681724845996
2020-09-17,7.6,-51.61396303901437
2020-09-18,9.52,-51.58110882956879
2020-09-19,4.09,-51.5482546201232
2020-09-20,4.15,-51.51540041067762
2020-09-21,4.970000000000001,-51.48254620123203
2020-09-22,5.19,-51.449691991786445
2020-09-23,7.745,-51.41683778234086
2020-09-24,17.064999999999998,-51.383983572895275
2020-09-25,21.99,-51.351129363449694
2020-09-26,11.235,-51.318275154004105
2020-09-27,7.3,-51.285420944558524
2020-09-28,8.5,-51.252566735112936
2020-09-29,9.28,-51.219712525667354
2020-09-30,5.14,-51.186858316221766
2020-10-01,5.904999999999999,-51.15400410677618
2020-10-02,6.035,-51.121149897330596
2020-10-03,4.85,-51.08829568788501
2020-10-04,5.32,-51.05544147843943
2020-10-05,5.715,-51.02258726899384
2020-10-06,7.47,-50.98973305954826
2020-10-07,9.07,-50.95687885010267
2020-10-08,4.28,-50.92402464065709
2020-10-09,5.26,-50.8911704312115
2020-10-10,4.74,-50.85831622176591
2020-10-11,8.48,-50.82546201232033
2020-10-12,4.14,-50.79260780287474
2020-10-13,3.65,-50.75975359342916
2020-10-14,5.43,-50.72689938398357
2020-10-15,6.51,-50.69404517453799
2020-10-16,4.86,-50.6611909650924
2020-10-17,3.88,-50.62833675564682
2020-10-18,4.31,-50.59548254620123
2020-10-19,6.27,-50.562628336755644
2020-10-20,6.54,-50.52977412731006
2020-10-21,9.27,-50.496919917864474
2020-10-22,18.93,-50.46406570841889
2020-10-23,11.219999999999999,-50.431211498973305
2020-10-24,5.9,-50.39835728952772
2020-10-25,3.6,-50.365503080082135
2020-10-26,5.984999999999999,-50.332648870636554
2020-10-27,8.71,-50.299794661190965
2020-10-28,8.61,-50.26694045174538
2020-10-29,5.72,-50.234086242299796
2020-10-30,4.27,-50.20123203285421
2020-10-31,8.03,-50.168377823408626
2020-11-01,5.91,-50.13552361396304
2020-11-02,4.12,-50.10266940451746
2020-11-03,6.91,-50.06981519507187
2020-11-04,9.53,-50.03696098562629
2020-11-05,10.92,-50.0041067761807
2020-11-06,10.825,-49.97125256673511
2020-11-07,15.69,-49.93839835728953
2020-11-08,21.92,-49.90554414784394
2020-11-09,26.165,-49.87268993839836
2020-11-10,17.65,-49.83983572895277
2020-11-11,6.84,-49.80698151950719
2020-11-12,7.08,-49.7741273100616
2020-11-13,5.960000000000001,-49.74127310061601
2020-11-14,8.22,-49.70841889117043
2020-11-15,7.859999999999999,-49.67556468172484
2020-11-16,5.995,-49.64271047227926
2020-11-17,6.84,-49.609856262833674
2020-11-18,5.09,-49.57700205338809
2020-11-19,6.79,-49.544147843942504
2020-11-20,9.370000000000001,-49.51129363449692
2020-11-21,11.15,-49.478439425051334
2020-11-22,5.89,-49.445585215605746
2020-11-23,6.02,-49.412731006160165
2020-11-24,6.01,-49.379876796714576
2020-11-25,7.27,-49.347022587268995
2020-11-26,6.95,-49.31416837782341
2020-11-27,7.94,-49.281314168377826
2020-11-28,6.39,-49.24845995893224
2020-11-29,9.13,-49.215605749486656
2020-11-30,7.55,-49.18275154004107
2020-12-01,5.01,-49.14989733059548
2020-12-02,4.279999999999999,-49.1170431211499
2020-12-03,7.56,-49.08418891170431
2020-12-04,6.925000000000001,-49.05133470225873
2020-12-05,5.54,-49.01848049281314
2020-12-06,3.56,-48.98562628336756
2020-12-07,4.88,-48.95277207392197
2020-12-08,4.68,-48.91991786447639
2020-12-09,7.04,-48.8870636550308
2020-12-10,9.68,-48.85420944558521
2020-12-11,7.49,-48.82135523613963
2020-12-12,15.04,-48.78850102669404
2020-12-13,9.89,-48.75564681724846
2020-12-14,6.17,-48.72279260780287
2020-12-15,4.91,-48.68993839835729
2020-12-16,5.234999999999999,-48.6570841889117
2020-12-17,4.595000000000001,-48.62422997946612
2020-12-18,7.61,-48.591375770020534
2020-12-19,11.19,-48.558521560574945
2020-12-20,11.69,-48.525667351129364
2020-12-21,21.305,-48.492813141683776
2020-12-22,25.32,-48.459958932238195
2020-12-23,6.08,-48.427104722792606
2020-12-24,7.035,-48.394250513347025
2020-12-25,5.9350000000000005,-48.36139630390144
2020-12-26,5.99,-48.328542094455855
2020-12-27,8.385000000000002,-48.29568788501027
2020-12-28,7.68,-48.26283367556468
2020-12-29,5.04,-48.2299794661191
2020-12-30,5.37,-48.19712525667351
2020-12-31,8.3,-48.16427104722793
2021-01-01,7.72,-48.13141683778234
2021-01-02,5.86,-48.09856262833676
2021-01-03,6.12,-48.06570841889117
2021-01-04,6.89,-48.03285420944559
2021-01-05,7.755,-48
2021-01-06,7.55,-47.96714579055441
2021-01-07,5.335,-47.93429158110883
2021-01-08,6.56,-47.90143737166324
2021-01-09,5.5,-47.86858316221766
2021-01-10,5.455,-47.83572895277207
2021-01-11,10.49,-47.80287474332649
2021-01-12,17.06,-47.7700205338809
2021-01-13,21.59,-47.73716632443532
2021-01-14,24.225,-47.70431211498973
2021-01-15,19.03,-47.671457905544145
2021-01-16,5.265,-47.63860369609856
2021-01-17,6.22,-47.605749486652975
2021-01-18,7.16,-47.572895277207394
2021-01-19,8.275,-47.540041067761805
2021-01-20,9.59,-47.507186858316224
2021-01-21,6.965,-47.474332648870636
2021-01-22,9.44,-47.441478439425055
2021-01-23,4.015000000000001,-47.408624229979466
2021-01-24,3.715,-47.37577002053388
2021-01-25,5.59,-47.3429158110883
2021-01-26,5.665,-47.31006160164271
2021-01-27,8.7,-47.27720739219713
2021-01-28,5.3,-47.24435318275154
2021-01-29,3.69,-47.21149897330596
2021-01-30,5.54,-47.17864476386037
2021-01-31,5.195,-47.14579055441479
2021-02-01,5.175,-47.1129363449692
2021-02-02,4.615,-47.08008213552361
2021-02-03,4.8,-47.04722792607803
2021-02-04,4.4350000000000005,-47.01437371663244
2021-02-05,8.195,-46.98151950718686
2021-02-06,6.375,-46.94866529774127
2021-02-07,7.66,-46.91581108829569
2021-02-08,6.244999999999999,-46.8829568788501
2021-02-09,8.795,-46.85010266940452
2021-02-10,10.54,-46.81724845995893
2021-02-11,9.370000000000001,-46.784394250513344
2021-02-12,5.875,-46.75154004106776
2021-02-13,5.779999999999999,-46.718685831622174
2021-02-14,8.434999999999999,-46.68583162217659
2021-02-15,8.83,-46.652977412731005
2021-02-16,7.13,-46.620123203285424
2021-02-17,5.18,-46.587268993839835
2021-02-18,5.08,-46.554414784394254
2021-02-19,5.65,-46.521560574948666
2021-02-20,7.75,-46.48870636550308
2021-02-21,9.07,-46.455852156057496
2021-02-22,9.44,-46.42299794661191
2021-02-23,13.99,-46.390143737166326
2021-02-24,7.51,-46.35728952772074
2021-02-25,4.87,-46.32443531827516
2021-02-26,6.49,-46.29158110882957
2021-02-27,5.56,-46.25872689938399
2021-02-28,7.88,-46.2258726899384
2021-03-01,6.855,-46.19301848049281
2021-03-02,4.05,-46.16016427104723
2021-03-03,8.09,-46.12731006160164
2021-03-04,9.31,-46.09445585215606
2021-03-05,3.98,-46.06160164271047
2021-03-06,4.01,-46.02874743326489
2021-03-07,4.36,-45.9958932238193
2021-03-08,5.3,-45.96303901437371
2021-03-09,8.995000000000001,-45.93018480492813
2021-03-10,8.05,-45.89733059548254
2021-03-11,17.05,-45.86447638603696
2021-03-12,10.27,-45.831622176591374
2021-03-13,4.37,-45.79876796714579
2021-03-14,5.095000000000001,-45.765913757700204
2021-03-15,4.66,-45.73305954825462
2021-03-16,5.29,-45.700205338809035
2021-03-17,8.15,-45.667351129363446
2021-03-18,6.04,-45.634496919917865
2021-03-19,5.225,-45.60164271047228
2021-03-20,5.92,-45.568788501026695
2021-03-21,7.765000000000001,-45.53593429158111
2021-03-22,13.32,-45.503080082135526
2021-03-23,8.23,-45.47022587268994
2021-03-24,8.91,-45.437371663244356
2021-03-25,16.490000000000002,-45.40451745379877
2021-03-26,14.52,-45.37166324435318
2021-03-27,6.53,-45.3388090349076
2021-03-28,9.2,-45.30595482546201
2021-03-29,4.48,-45.27310061601643
2021-03-30,7.765000000000001,-45.24024640657084
2021-03-31,7.720000000000001,-45.20739219712526
2021-04-01,5.9350000000000005,-45.17453798767967
2021-04-02,5.165,-45.14168377823409
2021-04-03,5.135,-45.1088295687885
2021-04-04,9.184999999999999,-45.07597535934291
2021-04-05,8.4,-45.04312114989733
2021-04-06,7.115,-45.01026694045174
2021-04-07,6.02,-44.97741273100616
2021-04-08,7.8,-44.94455852156057
2021-04-09,6.705,-44.91170431211499
2021-04-10,8.695,-44.878850102669404
2021-04-11,13.09,-44.84599589322382
2021-04-12,4.92,-44.813141683778234
2021-04-13,5.445,-44.780287474332646
2021-04-14,7.005,-44.747433264887064
2021-04-15,10.265,-44.714579055441476
2021-04-16,6.15,-44.681724845995895
2021-04-17,5.925,-44.648870636550306
2021-04-18,6.91,-44.616016427104725
2021-04-19,9.7,-44.58316221765914
2021-04-20,9.485,-44.550308008213555
2021-04-21,6.905,-44.51745379876797
2021-04-22,6.21,-44.48459958932238
2021-04-23,7.41,-44.4517453798768
2021-04-24,13.94,-44.41889117043121
2021-04-25,13.25,-44.38603696098563
2021-04-26,7.02,-44.35318275154004
2021-04-27,7.89,-44.32032854209446
2021-04-28,17.26,-44.28747433264887
2021-04-29,19.635,-44.25462012320329
2021-04-30,5.145,-44.2217659137577
2021-05-01,4.115,-44.18891170431211
2021-05-02,6.605,-44.15605749486653
2021-05-03,7.705,-44.12320328542094
2021-05-04,8.995000000000001,-44.09034907597536
2021-05-05,11.525,-44.05749486652977
2021-05-06,5.055,-44.02464065708419
2021-05-07,5.59,-43.9917864476386
2021-05-08,5.27,-43.95893223819302
2021-05-09,5.78,-43.92607802874743
2021-05-10,5.59,-43.893223819301845
2021-05-11,4.76,-43.860369609856264
2021-05-12,3.55,-43.827515400410675
2021-05-13,4.71,-43.794661190965094
2021-05-14,7.39,-43.761806981519506
2021-05-15,7.53,-43.728952772073924
2021-05-16,7.37,-43.696098562628336
2021-05-17,8.67,-43.663244353182755
2021-05-18,7.43,-43.630390143737166
2021-05-19,8.78,-43.59753593429158
2021-05-20,6.17,-43.564681724846
2021-05-21,7.44,-43.53182751540041
2021-05-22,12.02,-43.49897330595483
2021-05-23,8.65,-43.46611909650924
2021-05-24,4.71,-43.43326488706366
2021-05-25,8.38,-43.40041067761807
2021-05-26,17.02,-43.36755646817249
2021-05-27,8.28,-43.3347022587269
2021-05-28,5.72,-43.30184804928131
2021-05-29,4.35,-43.26899383983573
2021-05-30,5.85,-43.23613963039014
2021-05-31,5.14,-43.20328542094456
2021-06-01,12.39,-43.17043121149897
2021-06-02,8.57,-43.13757700205339
2021-06-03,11.65,-43.1047227926078
2021-06-04,9.42,-43.07186858316222
2021-06-05,14.08,-43.03901437371663
2021-06-06,11.13,-43.006160164271044
2021-06-07,16.83,-42.97330595482546
2021-06-08,12.26,-42.940451745379875
2021-06-09,10.49,-42.90759753593429
2021-06-10,7.13,-42.874743326488705
2021-06-11,8.58,-42.841889117043124
2021-06-12,6.95,-42.809034907597535
2021-06-13,6.68,-42.776180698151954
2021-06-14,5.63,-42.743326488706366
2021-06-15,8.06,-42.71047227926078
2021-06-16,4.455,-42.677618069815196
2021-06-17,3.82,-42.64476386036961
2021-06-18,5.545,-42.61190965092403
2021-06-19,6.1,-42.57905544147844
2021-06-20,5.390000000000001,-42.54620123203286
2021-06-21,3.9050000000000002,-42.51334702258727
2021-06-22,5.92,-42.48049281314169
2021-06-23,5.31,-42.4476386036961
2021-06-24,7.16,-42.41478439425051
2021-06-25,6.19,-42.38193018480493
2021-06-26,7.54,-42.34907597535934
2021-06-27,9.86,-42.31622176591376
2021-06-28,9.205,-42.28336755646817
2021-06-29,8.02,-42.25051334702259
2021-06-30,7.79,-42.217659137577
2021-07-01,7.48,-42.18480492813142
2021-07-02,8.91,-42.15195071868583
2021-07-03,4.5,-42.119096509240244
2021-07-04,6.72,-42.08624229979466
2021-07-05,17.98,-42.053388090349074
2021-07-06,11.59,-42.02053388090349
2021-07-07,19.73,-41.987679671457904
2021-07-08,16.509999999999998,-41.95482546201232
2021-07-09,5.215,-41.921971252566735
2021-07-10,8.489999999999998,-41.889117043121146
2021-07-11,12.57,-41.856262833675565
2021-07-12,12.93,-41.82340862422998
2021-07-13,8.925,-41.790554414784395
2021-07-14,13.185,-41.75770020533881
2021-07-15,9.975000000000001,-41.724845995893226
2021-07-16,12.735,-41.69199178644764
2021-07-17,12.594999999999999,-41.659137577002056
2021-07-18,6.33,-41.62628336755647
2021-07-19,6.74,-41.59342915811088
2021-07-20,16.33,-41.5605749486653
2021-07-21,32.79,-41.52772073921971
2021-07-22,10.7,-41.49486652977413
2021-07-23,9.47,-41.46201232032854
2021-07-24,11.47,-41.42915811088296
2021-07-25,13.57,-41.39630390143737
2021-07-26,20.43,-41.36344969199179
2021-07-27,31.41,-41.3305954825462
2021-07-28,15.58,-41.29774127310061
2021-07-29,14.62,-41.26488706365503
2021-07-30,14.08,-41.23203285420944
2021-07-31,4.71,-41.19917864476386
2021-08-01,6.3,-41.16632443531827
2021-08-02,7.245,-41.13347022587269
2021-08-03,7.085,-41.100616016427104
2021-08-04,9.59,-41.06776180698152
2021-08-05,10.14,-41.034907597535934
2021-08-06,14.21,-41.002053388090346
2021-08-07,11.32,-40.969199178644764
2021-08-08,9.59,-40.936344969199176
2021-08-09,10.08,-40.903490759753595
2021-08-10,11.36,-40.87063655030801
2021-08-11,16.86,-40.837782340862425
2021-08-12,9.52,-40.80492813141684
2021-08-13,8.93,-40.772073921971256
2021-08-14,8.69,-40.73921971252567
2021-08-15,7.35,-40.70636550308008
2021-08-16,8.56,-40.6735112936345
2021-08-17,7.36,-40.64065708418891
2021-08-18,7.73,-40.60780287474333
2021-08-19,4.65,-40.57494866529774
2021-08-20,4.53,-40.54209445585216
2021-08-21,8,-40.50924024640657
2021-08-22,5.45,-40.47638603696099
2021-08-23,7.72,-40.4435318275154
2021-08-24,9.19,-40.41067761806981
2021-08-25,12.79,-40.37782340862423
2021-08-26,19.44,-40.34496919917864
2021-08-27,15.4,-40.31211498973306
2021-08-28,9.86,-40.27926078028747
2021-08-29,6.49,-40.24640657084189
2021-08-30,15.02,-40.2135523613963
2021-08-31,9.41,-40.18069815195072
2021-09-01,10.12,-40.14784394250513
2021-09-02,5.77,-40.114989733059545
2021-09-03,5.03,-40.082135523613964
2021-09-04,4.62,-40.049281314168375
2021-09-05,6.75,-40.016427104722794
2021-09-06,9.37,-39.983572895277206
2021-09-07,5.64,-39.950718685831625
2021-09-08,8.57,-39.917864476386036
2021-09-09,8.21,-39.885010266940455
2021-09-10,5.72,-39.85215605749487
2021-09-11,6.54,-39.81930184804928
2021-09-12,7.14,-39.7864476386037
2021-09-13,8.93,-39.75359342915811
2021-09-14,8.98,-39.72073921971253
2021-09-15,17,-39.68788501026694
2021-09-16,6.87,-39.65503080082136
2021-09-17,11.56,-39.62217659137577
2021-09-18,8.95,-39.58932238193019
2021-09-19,6.04,-39.5564681724846
2021-09-20,6.08,-39.52361396303901
2021-09-21,4.98,-39.49075975359343
2021-09-22,5.68,-39.45790554414784
2021-09-23,6.37,-39.42505133470226
2021-09-24,4.62,-39.39219712525667
2021-09-25,6.44,-39.35934291581109
2021-09-26,5.24,-39.3264887063655
2021-09-27,5.39,-39.29363449691992
2021-09-28,6.97,-39.26078028747433
2021-09-29,4.6,-39.227926078028744
2021-09-30,4.64,-39.19507186858316
2021-10-01,4.71,-39.162217659137575
2021-10-02,5.95,-39.129363449691994
2021-10-03,10.68,-39.096509240246405
2021-10-04,12.89,-39.063655030800824
2021-10-05,5.02,-39.030800821355236
2021-10-06,7.27,-38.997946611909654
2021-10-07,10.31,-38.965092402464066
2021-10-08,14.2,-38.93223819301848
2021-10-09,8.56,-38.899383983572896
2021-10-10,5.59,-38.86652977412731
2021-10-11,6.905,-38.83367556468173
2021-10-12,8.23,-38.80082135523614
2021-10-13,10.18,-38.76796714579056
2021-10-14,13.12,-38.73511293634497
2021-10-15,9.57,-38.70225872689939
2021-10-16,9.22,-38.6694045174538
2021-10-17,4.06,-38.63655030800821
2021-10-18,3.98,-38.60369609856263
2021-10-19,4.58,-38.57084188911704
2021-10-20,6.04,-38.53798767967146
2021-10-21,7.61,-38.50513347022587
2021-10-22,7.04,-38.47227926078029
2021-10-23,5.1,-38.4394250513347
2021-10-24,6.97,-38.40657084188912
2021-10-25,9.18,-38.37371663244353
2021-10-26,4.68,-38.340862422997944
2021-10-27,4.32,-38.30800821355236
2021-10-28,6.7,-38.275154004106774
2021-10-29,6.52,-38.24229979466119
2021-10-30,5.71,-38.209445585215605
2021-10-31,6.49,-38.17659137577002
2021-11-01,4.91,-38.143737166324435
2021-11-02,6.33,-38.110882956878854
2021-11-03,6.31,-38.078028747433265
2021-11-04,6.12,-38.04517453798768
2021-11-05,7.11,-38.012320328542096
2021-11-06,8.45,-37.97946611909651
2021-11-07,15.14,-37.946611909650926
2021-11-08,10.64,-37.91375770020534
2021-11-09,15.29,-37.880903490759756
2021-11-10,12.25,-37.84804928131417
2021-11-11,6.25,-37.81519507186858
2021-11-12,6.92,-37.782340862423
2021-11-13,6.79,-37.74948665297741
2021-11-14,6.23,-37.71663244353183
2021-11-15,6.11,-37.68377823408624
2021-11-16,5.41,-37.65092402464066
2021-11-17,9.74,-37.61806981519507
2021-11-18,14.14,-37.58521560574949
2021-11-19,4.885,-37.5523613963039
2021-11-20,5.585,-37.51950718685831
2021-11-21,7.0600000000000005,-37.48665297741273
2021-11-22,7.8100000000000005,-37.45379876796714
2021-11-23,4.555,-37.42094455852156
2021-11-24,4.72,-37.38809034907597
2021-11-25,15.45,-37.35523613963039
2021-11-26,16.685000000000002,-37.322381930184804
2021-11-27,4.17,-37.28952772073922
2021-11-28,9.295,-37.256673511293634
2021-11-29,11.85,-37.223819301848046
2021-11-30,8.275,-37.190965092402465
2021-12-01,10.850000000000001,-37.158110882956876
2021-12-02,12.845,-37.125256673511295
2021-12-03,4.085,-37.09240246406571
2021-12-04,7.335,-37.059548254620125
2021-12-05,8.32,-37.02669404517454
2021-12-06,13.515,-36.993839835728956
2021-12-07,5.69,-36.96098562628337
2021-12-08,9.805,-36.92813141683778
2021-12-09,12.280000000000001,-36.8952772073922
2021-12-10,17.46,-36.86242299794661
2021-12-11,14.524999999999999,-36.82956878850103
2021-12-12,3.61,-36.79671457905544
2021-12-13,7.43,-36.76386036960986
2021-12-14,7.715,-36.73100616016427
2021-12-15,6.154999999999999,-36.69815195071869
2021-12-16,8.85,-36.6652977412731
2021-12-17,6.8,-36.63244353182751
2021-12-18,7.140000000000001,-36.59958932238193
2021-12-19,6.595000000000001,-36.56673511293634
2021-12-20,6.86,-36.53388090349076
2021-12-21,12.39,-36.50102669404517
2021-12-22,16.07,-36.46817248459959
2021-12-23,5.025,-36.435318275154
2021-12-24,12.06,-36.40246406570842
2021-12-25,22.7,-36.369609856262834
2021-12-26,5.73,-36.336755646817245
2021-12-27,6.25,-36.303901437371664
2021-12-28,14.575,-36.271047227926076
2021-12-29,13.32,-36.238193018480494
2021-12-30,28.54,-36.205338809034906
2021-12-31,27.07,-36.172484599589325
2022-01-01,10.05,-36.139630390143736
2022-01-02,6.18,-36.106776180698155
2022-01-03,3.94,-36.07392197125257
2022-01-04,5.55,-36.04106776180698
2022-01-05,7.75,-36.0082135523614
2022-01-06,9.76,-35.97535934291581
2022-01-07,7.17,-35.94250513347023
2022-01-08,4.75,-35.90965092402464
2022-01-09,7.41,-35.87679671457906
2022-01-10,5.235,-35.84394250513347
2022-01-11,6.36,-35.81108829568789
2022-01-12,8.75,-35.7782340862423
2022-01-13,15.8,-35.74537987679671
2022-01-14,12.68,-35.71252566735113
2022-01-15,6.64,-35.67967145790554
2022-01-16,10.08,-35.64681724845996
2022-01-17,5.845,-35.61396303901437
2022-01-18,4.17,-35.58110882956879
2022-01-19,9.22,-35.5482546201232
2022-01-20,8.63,-35.51540041067762
2022-01-21,5.62,-35.48254620123203
2022-01-22,9.45,-35.449691991786445
2022-01-23,12.06,-35.41683778234086
2022-01-24,17.020000000000003,-35.383983572895275
2022-01-25,16.49,-35.351129363449694
2022-01-26,4.99,-35.318275154004105
2022-01-27,6.61,-35.285420944558524
2022-01-28,17.44,-35.252566735112936
2022-01-29,8.58,-35.219712525667354
2022-01-30,6.35,-35.186858316221766
2022-01-31,9.76,-35.15400410677618
2022-02-01,10.57,-35.121149897330596
2022-02-02,12.35,-35.08829568788501
2022-02-03,10.15,-35.05544147843943
2022-02-04,5.02,-35.02258726899384
2022-02-05,6.3,-34.98973305954826
2022-02-06,6.25,-34.95687885010267
2022-02-07,11.34,-34.92402464065709
2022-02-08,12.12,-34.8911704312115
2022-02-09,15.63,-34.85831622176591
2022-02-10,8.77,-34.82546201232033
2022-02-11,5.86,-34.79260780287474
2022-02-12,5.39,-34.75975359342916
2022-02-13,4.92,-34.72689938398357
2022-02-14,6.16,-34.69404517453799
2022-02-15,6.61,-34.6611909650924
2022-02-16,9.58,-34.62833675564682
2022-02-17,5.29,-34.59548254620123
2022-02-18,3.89,-34.562628336755644
2022-02-19,6.01,-34.52977412731006
2022-02-20,4.42,-34.496919917864474
2022-02-21,9.379999999999999,-34.46406570841889
2022-02-22,15.67,-34.431211498973305
2022-02-23,8.095,-34.39835728952772
2022-02-24,6.984999999999999,-34.365503080082135
2022-02-25,7.975,-34.332648870636554
2022-02-26,7.655,-34.299794661190965
2022-02-27,13.07,-34.26694045174538
2022-02-28,5.859999999999999,-34.234086242299796
2022-03-01,7.475,-34.20123203285421
2022-03-02,16.245,-34.168377823408626
2022-03-03,9.48,-34.13552361396304
2022-03-04,7.4399999999999995,-34.10266940451746
2022-03-05,14.52,-34.06981519507187
2022-03-06,17.72,-34.03696098562629
2022-03-07,13.120000000000001,-34.0041067761807
2022-03-08,4.625,-33.97125256673511
2022-03-09,6.725,-33.93839835728953
2022-03-10,14.504999999999999,-33.90554414784394
2022-03-11,19.34,-33.87268993839836
2022-03-12,6.49,-33.83983572895277
2022-03-13,5.96,-33.80698151950719
2022-03-14,11.46,-33.7741273100616
2022-03-15,11.26,-33.74127310061601
2022-03-16,11.68,-33.70841889117043
2022-03-17,18.23,-33.67556468172484
2022-03-18,20.39,-33.64271047227926
2022-03-19,15.09,-33.609856262833674
2022-03-20,4.65,-33.57700205338809
2022-03-21,4.325,-33.544147843942504
2022-03-22,4.3149999999999995,-33.51129363449692
2022-03-23,5.03,-33.478439425051334
2022-03-24,4.88,-33.445585215605746
2022-03-25,6.7,-33.412731006160165
2022-03-26,5.81,-33.379876796714576
2022-03-27,4.35,-33.347022587268995
2022-03-28,4.725,-33.31416837782341
2022-03-29,5.6850000000000005,-33.281314168377826
2022-03-30,6.375,-33.24845995893224
2022-03-31,14.465,-33.215605749486656
2022-04-01,5.54,-33.18275154004107
2022-04-02,4.365,-33.14989733059548
2022-04-03,8.45,-33.1170431211499
2022-04-04,4.895,-33.08418891170431
2022-04-05,10.65,-33.05133470225873
2022-04-06,7.24,-33.01848049281314
2022-04-07,7.63,-32.98562628336756
2022-04-08,6.3,-32.95277207392197
2022-04-09,5.98,-32.91991786447639
2022-04-10,4.58,-32.8870636550308
2022-04-11,6.3149999999999995,-32.85420944558521
2022-04-12,6.8,-32.82135523613963
2022-04-13,14.94,-32.78850102669404
2022-04-14,14.1,-32.75564681724846
2022-04-15,5.07,-32.72279260780287
2022-04-16,5.78,-32.68993839835729
2022-04-17,4.665,-32.6570841889117
2022-04-18,6.15,-32.62422997946612
2022-04-19,5.375,-32.591375770020534
2022-04-20,5.04,-32.558521560574945
2022-04-21,8.21,-32.525667351129364
2022-04-22,6.79,-32.492813141683776
2022-04-23,5.31,-32.459958932238195
2022-04-24,6.83,-32.427104722792606
2022-04-25,6.275,-32.394250513347025
2022-04-26,8.6,-32.36139630390144
2022-04-27,5.74,-32.328542094455855
2022-04-28,4.48,-32.29568788501027
2022-04-29,6.03,-32.26283367556468
2022-04-30,6.02,-32.2299794661191
2022-05-01,7.75,-32.19712525667351
2022-05-02,10.1,-32.16427104722793
2022-05-03,7.89,-32.13141683778234
2022-05-04,9.155000000000001,-32.09856262833676
2022-05-05,6.93,-32.06570841889117
2022-05-06,7.72,-32.03285420944559
2022-05-07,5.9,-32
2022-05-08,6.03,-31.967145790554415
2022-05-09,6.725,-31.93429158110883
2022-05-10,7.295,-31.901437371663246
2022-05-11,8.43,-31.86858316221766
2022-05-12,8.84,-31.835728952772072
2022-05-13,8.14,-31.802874743326488
2022-05-14,13.06,-31.770020533880903
2022-05-15,11.7,-31.737166324435318
2022-05-16,10.835,-31.704312114989733
2022-05-17,5.71,-31.67145790554415
2022-05-18,4.61,-31.638603696098563
2022-05-19,6.61,-31.60574948665298
2022-05-20,17.81,-31.572895277207394
2022-05-21,24.695,-31.540041067761805
2022-05-22,14.79,-31.50718685831622
2022-05-23,4.95,-31.474332648870636
2022-05-24,5.12,-31.44147843942505
2022-05-25,5.66,-31.408624229979466
2022-05-26,5.835,-31.37577002053388
2022-05-27,9.8,-31.342915811088297
2022-05-28,6.82,-31.310061601642712
2022-05-29,6.16,-31.277207392197127
2022-05-30,8.97,-31.24435318275154
2022-05-31,9.024999999999999,-31.211498973305954
2022-06-01,10.64,-31.17864476386037
2022-06-02,8.83,-31.145790554414784
2022-06-03,17.54,-31.1129363449692
2022-06-04,6.87,-31.080082135523615
2022-06-05,4.17,-31.04722792607803
2022-06-06,1.9849999999999999,-31.014373716632445
2022-06-07,1.9749999999999999,-30.981519507186857
2022-06-24,7.365,-30.42299794661191
2022-06-25,7.22,-30.390143737166323
2022-06-26,7.17,-30.357289527720738
2022-06-27,5.220000000000001,-30.324435318275153
2022-06-28,1.17,-30.29158110882957
2022-06-29,2.42,-30.258726899383984
2022-06-30,2.87,-30.2258726899384
2022-07-01,5.46,-30.193018480492814
2022-07-02,3.45,-30.16016427104723
2022-07-03,2.02,-30.127310061601644
2022-07-04,1.67,-30.094455852156056
2022-07-05,2.01,-30.06160164271047
2022-07-06,2.41,-30.028747433264886
2023-01-26,3.22,-23.326488706365502
2023-02-06,8.38,-22.965092402464066
2023-02-09,25.505000000000003,-22.86652977412731
2023-02-10,15.06,-22.833675564681723
2023-02-11,6.56,-22.80082135523614
2023-02-12,10.59,-22.767967145790553
2023-02-13,8.325,-22.73511293634497
2023-02-14,7.22,-22.702258726899384
2023-02-15,10.49,-22.6694045174538
2023-02-16,12.565,-22.636550308008214
2023-02-17,17.67,-22.60369609856263
2023-02-18,5.19,-22.570841889117045
2023-02-19,10.74,-22.537987679671456
2023-02-20,11.38,-22.50513347022587
2023-02-21,10.615,-22.472279260780287
2023-02-22,9.905000000000001,-22.439425051334702
2023-02-23,8.38,-22.406570841889117
2023-02-24,6.04,-22.373716632443532
2023-02-25,4.359999999999999,-22.340862422997947
2023-02-26,10.245000000000001,-22.308008213552363
2023-02-27,8.47,-22.275154004106778
2023-02-28,6.485,-22.24229979466119
2023-03-01,9.45,-22.209445585215605
2023-03-02,13.635,-22.17659137577002
2023-03-03,6.7,-22.143737166324435
2023-03-04,5.495,-22.11088295687885
2023-03-05,6.62,-22.078028747433265
2023-03-06,6.9399999999999995,-22.04517453798768
2023-03-07,5.17,-22.012320328542096
2023-03-08,4.675,-21.97946611909651
2023-03-09,5.73,-21.946611909650922
2023-03-10,7.515000000000001,-21.913757700205338
2023-03-11,7.279999999999999,-21.880903490759753
2023-03-12,7.15,-21.848049281314168
2023-03-13,6.949999999999999,-21.815195071868583
2023-03-14,5.625,-21.782340862423
2023-03-15,4.7,-21.749486652977414
2023-03-16,6.3,-21.71663244353183
2023-03-17,13.19,-21.683778234086244
2023-03-18,6.9350000000000005,-21.650924024640656
2023-03-19,5.47,-21.61806981519507
2023-03-20,7.76,-21.585215605749486
2023-03-21,11.02,-21.5523613963039
2023-03-22,8.754999999999999,-21.519507186858316
2023-03-23,19.93,-21.48665297741273
2023-03-24,10.129999999999999,-21.453798767967147
2023-03-25,7.5649999999999995,-21.420944558521562
2023-03-26,7.01,-21.388090349075977
2023-03-27,7.445,-21.35523613963039
2023-03-28,8.675,-21.322381930184804
2023-03-29,6.575,-21.28952772073922
2023-03-30,5.58,-21.256673511293634
2023-03-31,9.004999999999999,-21.22381930184805
2023-04-01,11.25,-21.190965092402465
2023-04-02,4.88,-21.15811088295688
2023-04-03,6.949999999999999,-21.125256673511295
2023-04-04,13.03,-21.09240246406571
2023-04-05,11.465,-21.059548254620122
2023-04-06,18.69,-21.026694045174537
2023-04-07,6.08,-20.993839835728952
2023-04-08,5.525,-20.960985626283367
2023-04-09,7.555,-20.928131416837783
2023-04-10,9,-20.895277207392198
2023-04-11,10.695,-20.862422997946613
2023-04-12,10.225000000000001,-20.829568788501028
2023-04-13,15.59,-20.79671457905544
2023-04-14,18.189999999999998,-20.763860369609855
2023-04-15,9.93,-20.73100616016427
2023-04-16,19.005,-20.698151950718685
2023-04-17,15.08,-20.6652977412731
2023-04-18,6.57,-20.632443531827516
2023-04-19,6.82,-20.59958932238193
2023-04-20,10.78,-20.566735112936346
2023-04-21,11.059999999999999,-20.53388090349076
2023-04-22,13.835,-20.501026694045173
2023-04-23,7.905,-20.468172484599588
2023-04-24,7.46,-20.435318275154003
2023-04-25,7.9350000000000005,-20.40246406570842
2023-04-26,9.645,-20.369609856262834
2023-04-27,14.27,-20.33675564681725
2023-04-28,11.915,-20.303901437371664
2023-04-29,6.725,-20.27104722792608
2023-04-30,6.63,-20.238193018480494
2023-05-01,6.355,-20.205338809034906
2023-05-02,5.42,-20.17248459958932
2023-05-03,5.54,-20.139630390143736
2023-05-04,7.895,-20.10677618069815
2023-05-05,10.135000000000002,-20.073921971252567
2023-05-06,8.445,-20.041067761806982
2023-05-07,7.14,-20.008213552361397
2023-05-08,7.825,-19.975359342915812
2023-05-09,7.165,-19.942505133470227
2023-05-10,7.515000000000001,-19.90965092402464
2023-05-11,11.745000000000001,-19.876796714579054
2023-05-12,26.08,-19.84394250513347
2023-05-13,19.36,-19.811088295687885
2023-05-14,10.2,-19.7782340862423
2023-05-15,7.29,-19.745379876796715
2023-05-16,10.175,-19.71252566735113
2023-05-17,8.32,-19.679671457905545
2023-05-18,5.82,-19.64681724845996
2023-05-19,7.885,-19.613963039014372
2023-05-20,9.629999999999999,-19.581108829568787
2023-05-21,13.68,-19.548254620123203
2023-05-22,22.945,-19.515400410677618
2023-05-23,14.75,-19.482546201232033
2023-05-24,8.785,-19.449691991786448
2023-05-25,6.59,-19.416837782340863
2023-05-26,7,-19.38398357289528
2023-05-27,8.515,-19.351129363449694
2023-05-28,7.88,-19.318275154004105
2023-05-29,11.68,-19.28542094455852
2023-05-30,9.205,-19.252566735112936
2023-05-31,9.565,-19.21971252566735
2023-06-01,22.895,-19.186858316221766
2023-06-02,21.55,-19.15400410677618
2023-06-03,17.19,-19.121149897330596
2023-06-04,6.74,-19.08829568788501
2023-06-05,6.8149999999999995,-19.055441478439427
2023-06-09,15.46,-18.924024640657084
2023-06-10,10.79,-18.8911704312115
2023-06-11,33.02,-18.858316221765914
2023-06-12,33.93,-18.82546201232033
2023-06-13,11.844999999999999,-18.792607802874745
2023-06-14,16.02,-18.759753593429156
2023-06-15,9.675,-18.72689938398357
2023-06-16,16.630000000000003,-18.694045174537987
2023-06-17,16.78,-18.661190965092402
2023-06-18,10.77,-18.628336755646817
2023-06-19,10.42,-18.595482546201232
2023-06-20,15.89,-18.562628336755647
2023-06-21,6.35,-18.529774127310063
2023-06-22,6.789999999999999,-18.496919917864478
2023-06-23,10.075,-18.46406570841889
2023-06-24,12.965,-18.431211498973305
2023-06-25,18.6,-18.39835728952772
2023-06-26,22.22,-18.365503080082135
2023-06-27,16.445,-18.33264887063655
2023-06-28,18.055,-18.299794661190965
2023-06-29,28.94,-18.26694045174538
2023-07-01,31.88,-18.20123203285421
2023-07-02,30.8,-18.168377823408623
2023-07-03,13.06,-18.135523613963038
2023-07-04,13.4,-18.102669404517453
2023-07-05,23.94,-18.069815195071868
2023-07-06,20.77,-18.036960985626283
2023-07-07,17.96,-18.0041067761807
2023-07-08,20.505,-17.971252566735114
2023-07-09,16.134999999999998,-17.93839835728953
2023-07-10,8.295,-17.905544147843944
2023-07-11,14.25,-17.872689938398356
2023-07-12,20.54,-17.83983572895277
2023-07-13,25.384999999999998,-17.806981519507186
2023-07-14,18.68,-17.7741273100616
2023-07-15,17.33,-17.741273100616016
2023-07-16,10.969999999999999,-17.70841889117043
2023-07-17,13.85,-17.675564681724847
2023-07-18,31.75,-17.642710472279262
2023-07-19,36.87,-17.609856262833677
2023-07-20,19.689999999999998,-17.57700205338809
2023-07-21,19.17,-17.544147843942504
2023-07-22,9.555,-17.51129363449692
2023-07-23,15.725,-17.478439425051334
2023-07-24,16.64,-17.44558521560575
2023-07-25,14.07,-17.412731006160165
2023-07-26,25.68,-17.37987679671458
2023-07-27,26.18,-17.347022587268995
2023-07-28,16.35,-17.31416837782341
2023-07-29,15.02,-17.281314168377822
2023-07-30,7.005,-17.248459958932237
2023-07-31,9.235,-17.215605749486652
2023-08-01,9.41,-17.182751540041068
2023-08-02,7.42,-17.149897330595483
2023-08-03,7.55,-17.117043121149898
2023-08-04,22.46,-17.084188911704313
2023-08-05,21.35,-17.05133470225873
2023-08-06,27.560000000000002,-17.018480492813143
2023-08-07,24.76,-16.985626283367555
2023-08-08,7.44,-16.95277207392197
2023-08-09,15.61,-16.919917864476385
2023-08-10,19.13,-16.8870636550308
2023-08-11,21.03,-16.854209445585216
2023-08-12,20.84,-16.82135523613963
2023-08-13,11.21,-16.788501026694046
2023-08-14,10.94,-16.75564681724846
2023-08-15,13.68,-16.722792607802873
2023-08-16,11.97,-16.689938398357288
2023-08-17,11.72,-16.657084188911703
2023-08-18,10.38,-16.62422997946612
2023-08-19,14.73,-16.591375770020534
2023-08-20,16.07,-16.55852156057495
2023-08-21,25.91,-16.525667351129364
2023-08-22,15.16,-16.49281314168378
2023-08-23,9.25,-16.459958932238195
2023-08-24,10.19,-16.427104722792606
2023-08-25,10.27,-16.39425051334702
2023-08-26,17.8,-16.361396303901437
2023-08-27,10.63,-16.32854209445585
2023-08-28,15.7,-16.295687885010267
2023-08-29,10.62,-16.262833675564682
2023-08-30,10.72,-16.229979466119097
2023-08-31,7.31,-16.197125256673512
2023-09-01,6.51,-16.164271047227928
2023-09-02,8.77,-16.13141683778234
2023-09-03,12.71,-16.098562628336754
2023-09-04,20.81,-16.06570841889117
2023-09-05,26.42,-16.032854209445585
2023-09-06,26.99,-16
2023-09-07,22.655,-15.967145790554415
2023-09-08,16.58,-15.93429158110883
2023-09-09,26.54,-15.901437371663244
2023-09-10,19.16,-15.868583162217659
2023-09-11,13.81,-15.835728952772074
2023-09-12,11.63,-15.80287474332649
2023-09-13,11.74,-15.770020533880903
2023-09-14,8.82,-15.737166324435318
2023-09-15,7.67,-15.704312114989733
2023-09-16,8.79,-15.671457905544148
2023-09-17,9.85,-15.638603696098563
2023-09-18,12.35,-15.605749486652977
2023-09-19,10.76,-15.572895277207392
2023-09-20,9.53,-15.540041067761807
2023-09-21,9.37,-15.507186858316222
2023-09-22,11.09,-15.474332648870636
2023-09-23,6.75,-15.441478439425051
2023-09-24,4.7,-15.408624229979466
2023-09-25,4.45,-15.375770020533881
2023-09-26,19.53,-15.342915811088295
2023-09-27,10.98,-15.31006160164271
2023-09-28,13.98,-15.277207392197125
2023-09-29,7.97,-15.24435318275154
2023-09-30,13.19,-15.211498973305956
2023-10-01,17.56,-15.178644763860369
2023-10-02,16.09,-15.145790554414784
2023-10-03,21.33,-15.1129363449692
2023-10-04,23.08,-15.080082135523615
2023-10-05,17.19,-15.047227926078028
2023-10-06,17.18,-15.014373716632443
2023-10-07,10.4,-14.981519507186858
2023-10-08,5.54,-14.948665297741274
2023-10-09,6.57,-14.915811088295689
2023-10-10,9.65,-14.882956878850102
2023-10-11,12.21,-14.850102669404517
2023-10-12,15.95,-14.817248459958932
2023-10-13,6.72,-14.784394250513348
2023-10-14,6.35,-14.751540041067761
2023-10-15,6.1,-14.718685831622176
2023-10-16,4.445,-14.685831622176591
2023-10-17,6.47,-14.652977412731007
2023-10-18,10.32,-14.620123203285422
2023-10-19,12.39,-14.587268993839835
2023-10-20,9.04,-14.55441478439425
2023-10-21,8.34,-14.521560574948666
2023-10-22,4.77,-14.48870636550308
2023-10-23,4.8,-14.455852156057494
2023-10-24,7.71,-14.42299794661191
2023-10-25,12.24,-14.390143737166325
2023-10-26,16.7,-14.35728952772074
2023-10-27,18.49,-14.324435318275153
2023-10-28,15.2,-14.291581108829568
2023-10-29,5.3,-14.258726899383984
2023-10-30,6.05,-14.225872689938399
2023-10-31,5.54,-14.193018480492814
2023-11-01,8.38,-14.160164271047227
2023-11-02,5.96,-14.127310061601642
2023-11-03,8.89,-14.094455852156058
2023-11-04,12.05,-14.061601642710473
2023-11-05,19.645,-14.028747433264886
2023-11-06,9.695,-13.995893223819301
2023-11-07,19.685000000000002,-13.963039014373717
2023-11-08,4.9,-13.930184804928132
2023-11-09,6.905,-13.897330595482547
2023-11-10,7.085,-13.86447638603696
2023-11-11,8.585,-13.831622176591376
2023-11-12,5.77,-13.79876796714579
2023-11-13,8.905,-13.765913757700206
2023-11-14,8.37,-13.73305954825462
2023-11-15,7.46,-13.700205338809035
2023-11-16,17.07,-13.66735112936345
2023-11-17,15.85,-13.634496919917865
2023-11-18,7.85,-13.60164271047228
2023-11-19,7.4,-13.568788501026694
2023-11-20,5.9399999999999995,-13.535934291581109
2023-11-21,6.3100000000000005,-13.503080082135524
2023-11-22,6.13,-13.470225872689939
2023-11-23,6,-13.437371663244353
2023-11-24,9.434999999999999,-13.404517453798768
2023-11-25,5.625,-13.371663244353183
2023-11-26,10.190000000000001,-13.338809034907598
2023-11-27,7.26,-13.305954825462011
2023-11-28,6.45,-13.273100616016427
2023-11-29,6.744999999999999,-13.240246406570842
2023-11-30,11.01,-13.207392197125257
2023-12-01,15.84,-13.174537987679672
2023-12-02,25.92,-13.141683778234086
2023-12-03,9.32,-13.1088295687885
2023-12-04,8.06,-13.075975359342916
2023-12-05,6.45,-13.043121149897331
2023-12-06,6.45,-13.010266940451745
2023-12-07,6.65,-12.97741273100616
2023-12-08,17.33,-12.944558521560575
2023-12-09,17.67,-12.91170431211499
2023-12-10,15.4,-12.878850102669405
2023-12-11,4.99,-12.845995893223819
2023-12-12,6.07,-12.813141683778234
2023-12-13,8.8,-12.780287474332649
2023-12-14,5.175,-12.747433264887064
2023-12-15,11.870000000000001,-12.714579055441478
2023-12-16,11.98,-12.681724845995893
2023-12-17,10.785,-12.648870636550308
2023-12-18,6.88,-12.616016427104723
2023-12-19,5.28,-12.583162217659138
2023-12-20,6.445,-12.550308008213552
2023-12-21,8.435,-12.517453798767967
2023-12-22,5.87,-12.484599589322382
2023-12-23,9.44,-12.451745379876797
2023-12-24,18.78,-12.41889117043121
2023-12-25,24.22,-12.386036960985626
2023-12-26,28.035,-12.353182751540041
2023-12-27,19.13,-12.320328542094456
2023-12-28,7.0649999999999995,-12.28747433264887
2023-12-29,8.8,-12.254620123203285
2023-12-30,8.38,-12.2217659137577
2023-12-31,5.665,-12.188911704312115
2024-01-01,11.33,-12.15605749486653
2024-01-02,6.525,-12.123203285420944
2024-01-03,8.370000000000001,-12.09034907597536
2024-01-04,10.725,-12.057494866529774
2024-01-05,5.555,-12.02464065708419
2024-01-06,12.775,-11.991786447638603
2024-01-07,5.6,-11.958932238193018
2024-01-08,6.85,-11.926078028747433
2024-01-09,9.52,-11.893223819301848
2024-01-10,5.555,-11.860369609856264
2024-01-11,6.045,-11.827515400410677
2024-01-12,8.285,-11.794661190965092
2024-01-13,6.23,-11.761806981519507
2024-01-14,5.38,-11.728952772073923
2024-01-15,5.575,-11.696098562628336
2024-01-16,10.440000000000001,-11.663244353182751
2024-01-17,7.125,-11.630390143737166
2024-01-18,7.6,-11.597535934291582
2024-01-19,10.59,-11.564681724845997
2024-01-20,5.62,-11.53182751540041
2024-01-21,4.9,-11.498973305954825
2024-01-22,6.34,-11.46611909650924
2024-01-23,11.36,-11.433264887063656
2024-01-24,15.76,-11.40041067761807
2024-01-25,17.36,-11.367556468172484
2024-01-26,7.41,-11.3347022587269
2024-01-27,9.01,-11.301848049281315
2024-01-28,5.56,-11.268993839835728
2024-01-29,5.31,-11.236139630390143
2024-01-30,6.12,-11.203285420944558
2024-01-31,5.7,-11.170431211498974
2024-02-01,14.65,-11.137577002053389
2024-02-02,15.219999999999999,-11.104722792607802
2024-02-03,5.74,-11.071868583162217
2024-02-04,5.74,-11.039014373716633
2024-02-05,5.5,-11.006160164271048
2024-02-06,5.095,-10.973305954825461
2024-02-07,6.345,-10.940451745379876
2024-02-08,11.935,-10.907597535934292
2024-02-09,10.175,-10.874743326488707
2024-02-10,20.09,-10.841889117043122
2024-02-11,8.43,-10.809034907597535
2024-02-12,7.515000000000001,-10.77618069815195
2024-02-13,6.775,-10.743326488706366
2024-02-14,4.6,-10.710472279260781
2024-02-15,5.85,-10.677618069815194
2024-02-16,5.9399999999999995,-10.64476386036961
2024-02-17,6.95,-10.611909650924025
2024-02-18,6.625,-10.57905544147844
2024-02-19,6.605,-10.546201232032855
2024-02-20,4.85,-10.513347022587268
2024-02-21,6.455,-10.480492813141684
2024-02-22,5.77,-10.447638603696099
2024-02-23,12.23,-10.414784394250514
2024-02-24,9.28,-10.381930184804927
2024-02-25,4.7,-10.349075975359343
2024-02-26,7.53,-10.316221765913758
2024-02-27,14.52,-10.283367556468173
2024-02-28,13.969999999999999,-10.250513347022586
2024-02-29,4.355,-10.217659137577002
2024-03-01,6.05,-10.184804928131417
2024-03-02,7.11,-10.151950718685832
2024-03-03,5.505,-10.119096509240247
2024-03-04,7.32,-10.08624229979466
2024-03-05,5.69,-10.053388090349076
2024-03-06,17.27,-10.020533880903491
2024-03-07,5.56,-9.987679671457906
2024-03-08,5.63,-9.95482546201232
2024-03-09,5.97,-9.921971252566735
2024-03-10,4.64,-9.88911704312115
2024-03-11,4.25,-9.856262833675565
2024-03-12,5.96,-9.82340862422998
2024-03-13,10.42,-9.790554414784394
2024-03-14,18.405,-9.757700205338809
2024-03-15,14.96,-9.724845995893224
2024-03-16,7.12,-9.69199178644764
2024-03-17,7,-9.659137577002053
2024-03-18,5.09,-9.626283367556468
2024-03-19,4.91,-9.593429158110883
2024-03-20,8.6,-9.560574948665298
2024-03-21,4.3,-9.527720739219713
2024-03-22,5.67,-9.494866529774127
2024-03-23,6.65,-9.462012320328542
2024-03-24,5.14,-9.429158110882957
2024-03-25,5.46,-9.396303901437372
2024-03-26,6.34,-9.363449691991786
2024-03-27,14.41,-9.330595482546201
2024-03-28,12.47,-9.297741273100616
2024-03-29,7.47,-9.264887063655031
2024-03-30,5.82,-9.232032854209445
2024-03-31,7.16,-9.19917864476386
2024-04-01,8.99,-9.166324435318275
2024-04-02,14.45,-9.13347022587269
2024-04-03,5.93,-9.100616016427105
2024-04-04,5.22,-9.067761806981519
2024-04-05,5.28,-9.034907597535934
2024-04-06,4.55,-9.00205338809035
2024-04-07,4.8,-8.969199178644764
2024-04-08,7.59,-8.936344969199178
2024-04-09,12.45,-8.903490759753593
2024-04-10,13.38,-8.870636550308008
2024-04-11,14.445,-8.837782340862423
2024-04-12,9.15,-8.804928131416839
2024-04-13,4.9,-8.772073921971252
2024-04-14,5.525,-8.739219712525667
2024-04-15,9.43,-8.706365503080082
2024-04-16,6.165,-8.673511293634498
2024-04-17,8.675,-8.640657084188911
2024-04-18,6.975,-8.607802874743326
2024-04-19,7.845,-8.574948665297741
2024-04-20,11.535,-8.542094455852157
2024-04-21,5.62,-8.509240246406572
2024-04-22,6.3149999999999995,-8.476386036960985
2024-04-23,9.08,-8.4435318275154
2024-04-24,7.02,-8.410677618069816
2024-04-25,5.66,-8.37782340862423
2024-04-26,9.23,-8.344969199178644
2024-04-27,6.24,-8.31211498973306
2024-04-28,9.52,-8.279260780287474
2024-04-29,23.07,-8.24640657084189
2024-04-30,19.685,-8.213552361396303
2024-05-01,15.55,-8.180698151950718
2024-05-02,17.75,-8.147843942505133
2024-05-03,8.49,-8.114989733059549
2024-05-04,7.09,-8.082135523613964
2024-05-05,7.215,-8.049281314168377
2024-05-06,23.29,-8.016427104722792
2024-05-07,9.79,-7.983572895277208
2024-05-08,15.74,-7.950718685831622
2024-05-09,6.46,-7.917864476386037
2024-05-10,6.18,-7.885010266940451
2024-05-11,8.065,-7.852156057494867
2024-05-12,5.945,-7.819301848049282
2024-05-13,11.54,-7.786447638603696
2024-05-14,11.99,-7.753593429158111
2024-05-15,10.66,-7.7207392197125255
2024-05-16,5.67,-7.687885010266941
2024-05-17,8.385000000000002,-7.655030800821355
2024-05-18,11.280000000000001,-7.62217659137577
2024-05-19,6.595000000000001,-7.5893223819301845
2024-05-20,11.24,-7.5564681724846
2024-05-21,11.905000000000001,-7.523613963039014
2024-05-22,14.87,-7.490759753593429
2024-05-23,14.26,-7.457905544147844
2024-05-24,13.945,-7.425051334702259
2024-05-25,9.575,-7.392197125256674
2024-05-26,24.384999999999998,-7.359342915811088
2024-05-27,12.57,-7.326488706365503
2024-05-28,10.39,-7.293634496919918
2024-05-29,7.04,-7.260780287474333
2024-05-30,9.024999999999999,-7.227926078028747
2024-05-31,8.780000000000001,-7.195071868583162
2024-06-01,9.495000000000001,-7.162217659137577
2024-06-02,13.015,-7.129363449691992
2024-06-03,19.04,-7.096509240246407
2024-06-04,24.67,-7.063655030800821
2024-06-05,20.365000000000002,-7.030800821355236
2024-06-06,16.61,-6.997946611909651
2024-06-07,10.6,-6.965092402464066
2024-06-08,6.22,-6.93223819301848
2024-06-09,9.9,-6.899383983572895
2024-06-10,5.145,-6.86652977412731
2024-06-11,5.085,-6.833675564681725
2024-06-12,5.95,-6.80082135523614
2024-06-13,10.565,-6.767967145790554
2024-06-14,10.465,-6.7351129363449695
2024-06-15,6.775,-6.702258726899384
2024-06-16,5.765000000000001,-6.669404517453799
2024-06-17,7.84,-6.636550308008213
2024-06-18,8.56,-6.6036960985626285
2024-06-19,7.75,-6.570841889117043
2024-06-20,8.375,-6.537987679671458
2024-06-21,10.415,-6.505133470225872
2024-06-22,13.195,-6.4722792607802875
2024-06-23,11.8,-6.439425051334703
2024-06-24,6.07,-6.406570841889117
2024-06-25,8.655000000000001,-6.373716632443532
2024-06-26,10.49,-6.3408624229979464
2024-06-27,5.66,-6.308008213552362
2024-06-28,4.4350000000000005,-6.275154004106776
2024-06-29,5.375,-6.242299794661191
2024-06-30,8.75,-6.209445585215605
2024-07-01,4.775,-6.176591375770021
2024-07-02,5.05,-6.143737166324435
2024-07-03,6.0649999999999995,-6.11088295687885
2024-07-04,6.725,-6.078028747433265
2024-07-05,19.32,-6.04517453798768
2024-07-06,16.305,-6.012320328542095
2024-07-07,11.405000000000001,-5.979466119096509
2024-07-08,15.29,-5.946611909650924
2024-07-09,13.6,-5.9137577002053385
2024-07-10,9.765,-5.880903490759754
2024-07-11,5.62,-5.848049281314168
2024-07-12,6.3,-5.815195071868583
2024-07-13,4.76,-5.782340862422998
2024-07-14,9.375,-5.749486652977413
2024-07-15,12.92,-5.716632443531828
2024-07-16,12.600000000000001,-5.683778234086242
2024-07-17,11.635000000000002,-5.650924024640657
2024-07-18,9.34,-5.618069815195072
2024-07-19,5.029999999999999,-5.585215605749487
2024-07-20,8.5,-5.552361396303901
2024-07-21,9.870000000000001,-5.519507186858316
2024-07-22,9.88,-5.486652977412731
2024-07-23,9.035,-5.453798767967146
2024-07-24,13.1,-5.420944558521561
2024-07-25,11.645,-5.388090349075975
2024-07-26,5.27,-5.3552361396303905
2024-07-27,8.625,-5.322381930184805
2024-07-28,16.119999999999997,-5.28952772073922
2024-07-29,17.58,-5.256673511293634
2024-07-30,15.114999999999998,-5.223819301848049
2024-07-31,8.875,-5.190965092402464
2024-08-01,10.8,-5.158110882956879
2024-08-02,18.15,-5.125256673511293
2024-08-03,8.86,-5.092402464065708
2024-08-04,8.99,-5.059548254620124
2024-08-05,11.905000000000001,-5.026694045174538
2024-08-06,14.100000000000001,-4.993839835728953
2024-08-07,5.77,-4.960985626283367
2024-08-08,6.505000000000001,-4.9281314168377826
2024-08-09,9.05,-4.895277207392197
2024-08-10,7.615,-4.862422997946612
2024-08-11,6.175,-4.829568788501026
2024-08-12,5.6899999999999995,-4.7967145790554415
2024-08-13,5.135,-4.763860369609857
2024-08-14,13.39,-4.731006160164271
2024-08-15,11.885,-4.698151950718686
2024-08-16,16.935000000000002,-4.6652977412731005
2024-08-17,18.325,-4.632443531827516
2024-08-18,18.1,-4.59958932238193
2024-08-19,7.26,-4.566735112936345
2024-08-20,4.02,-4.5338809034907595
2024-08-21,4.01,-4.501026694045175
2024-08-22,5.73,-4.468172484599589
2024-08-23,7.63,-4.435318275154004
2024-08-24,10.35,-4.402464065708419
2024-08-25,12.04,-4.369609856262834
2024-08-26,14.06,-4.336755646817249
2024-08-27,12.78,-4.303901437371663
2024-08-28,12.56,-4.271047227926078
2024-08-29,6.074999999999999,-4.238193018480493
2024-08-30,4.42,-4.205338809034908
2024-08-31,5.220000000000001,-4.172484599589322
2024-09-01,8.195,-4.139630390143737
2024-09-02,7.48,-4.1067761806981515
2024-09-03,4.3149999999999995,-4.073921971252567
2024-09-04,6.115,-4.041067761806982
2024-09-05,6.125,-4.008213552361396
2024-09-06,6.195,-3.975359342915811
2024-09-07,5.155,-3.9425051334702257
2024-09-08,3.8200000000000003,-3.909650924024641
2024-09-09,4.645,-3.8767967145790556
2024-09-10,5.655,-3.8439425051334704
2024-09-11,5.3149999999999995,-3.811088295687885
2024-09-12,13.665,-3.7782340862423
2024-09-13,8.245,-3.7453798767967146
2024-09-14,10.620000000000001,-3.7125256673511293
2024-09-15,9.344999999999999,-3.679671457905544
2024-09-16,5.135,-3.646817248459959
2024-09-17,7.04,-3.6139630390143735
2024-09-18,7.43,-3.5811088295687883
2024-09-19,9.26,-3.5482546201232035
2024-09-20,5.6850000000000005,-3.515400410677618
2024-09-21,6.15,-3.482546201232033
2024-09-22,4.51,-3.4496919917864477
2024-09-23,4.470000000000001,-3.4168377823408624
2024-09-24,4.715,-3.383983572895277
2024-09-25,4.62,-3.351129363449692
2024-09-26,6.355,-3.3182751540041067
2024-09-27,5.805,-3.2854209445585214
2024-09-28,4.295,-3.252566735112936
2024-09-29,4.38,-3.2197125256673513
2024-09-30,5.45,-3.186858316221766
2024-10-01,5.005,-3.154004106776181
2024-10-02,5.675,-3.1211498973305956
2024-10-03,5.869999999999999,-3.0882956878850103
2024-10-04,5.8100000000000005,-3.055441478439425
2024-10-05,6.475,-3.02258726899384
2024-10-06,5.345000000000001,-2.9897330595482545
2024-10-07,6.0649999999999995,-2.9568788501026693
2024-10-08,4.41,-2.924024640657084
2024-10-09,4.81,-2.891170431211499
2024-10-10,3.325,-2.858316221765914
2024-10-11,4.41,-2.8254620123203287
2024-10-12,4.97,-2.7926078028747434
2024-10-13,4.085,-2.759753593429158
2024-10-14,8.79,-2.726899383983573
2024-10-15,3.515,-2.6940451745379876
2024-10-16,3.675,-2.6611909650924024
2024-10-17,4.1899999999999995,-2.628336755646817
2024-10-18,4.48,-2.595482546201232
2024-10-19,6.3,-2.5626283367556466
2024-10-20,8.335,-2.529774127310062
2024-10-21,9.815000000000001,-2.4969199178644765
2024-10-22,10.38,-2.4640657084188913
2024-10-23,11.61,-2.431211498973306
2024-10-24,6.390000000000001,-2.3983572895277208
2024-10-25,4.735,-2.3655030800821355
2024-10-26,5.755,-2.3326488706365502
2024-10-27,3.715,-2.299794661190965
2024-10-28,5.404999999999999,-2.2669404517453797
2024-10-29,5.4350000000000005,-2.2340862422997945
2024-10-30,10.1,-2.2012320328542097
2024-10-31,13.36,-2.1683778234086244
2024-11-01,6.76,-2.135523613963039
2024-11-02,3.66,-2.102669404517454
2024-11-03,3.535,-2.0698151950718686
2024-11-04,4.945,-2.0369609856262834
2024-11-05,8.635,-2.004106776180698
2024-11-06,6.15,-1.9712525667351128
2024-11-07,6.55,-1.9383983572895278
2024-11-08,4.25,-1.9055441478439425
2024-11-09,13.335,-1.8726899383983573
2024-11-10,5.135,-1.839835728952772
2024-11-11,6.3149999999999995,-1.8069815195071868
2024-11-12,4.279999999999999,-1.7741273100616017
2024-11-13,3.76,-1.7412731006160165
2024-11-14,4.390000000000001,-1.7084188911704312
2024-11-15,5.140000000000001,-1.675564681724846
2024-11-16,4.4350000000000005,-1.6427104722792607
2024-11-17,6.87,-1.6098562628336757
2024-11-18,6.595,-1.5770020533880904
2024-11-19,6.01,-1.5441478439425051
2024-11-20,8.44,-1.51129363449692
2024-11-21,4.26,-1.4784394250513346
2024-11-22,3.62,-1.4455852156057496
2024-11-23,4.575,-1.4127310061601643
2024-11-24,3.425,-1.379876796714579
2024-11-25,4.475,-1.3470225872689938
2024-11-26,7.66,-1.3141683778234086
2024-11-27,6.055,-1.2813141683778233
2024-11-28,7.630000000000001,-1.2484599589322383
2024-11-29,5.52,-1.215605749486653
2024-11-30,5.6850000000000005,-1.1827515400410678
2024-12-01,7.24,-1.1498973305954825
2024-12-02,6.405,-1.1170431211498972
2024-12-03,5.745,-1.0841889117043122
2024-12-04,6.5600000000000005,-1.051334702258727
2024-12-05,7.02,-1.0184804928131417
2024-12-06,3.725,-0.9856262833675564
2024-12-07,6.21,-0.9527720739219713
2024-12-08,6.8100000000000005,-0.919917864476386
2024-12-09,9.955,-0.8870636550308009
2024-12-10,15.935,-0.8542094455852156
2024-12-11,8.035,-0.8213552361396304
2024-12-12,5.445,-0.7885010266940452
2024-12-13,4.91,-0.75564681724846
2024-12-14,4.9,-0.7227926078028748
2024-12-15,5.87,-0.6899383983572895
2024-12-16,5.69,-0.6570841889117043
2024-12-17,7.779999999999999,-0.6242299794661191
2024-12-18,7.23,-0.5913757700205339
2024-12-19,5.14,-0.5585215605749486
2024-12-20,4.755000000000001,-0.5256673511293635
2024-12-21,5.1850000000000005,-0.4928131416837782
2024-12-22,3.88,-0.459958932238193
2024-12-23,5.84,-0.4271047227926078
2024-12-24,8.56,-0.3942505133470226
2024-12-25,10.035,-0.3613963039014374
2024-12-26,9.215,-0.32854209445585214
2024-12-27,12.385,-0.29568788501026694
2024-12-28,10.92,-0.26283367556468173
2024-12-29,7.505,-0.2299794661190965
2024-12-30,5.15,-0.1971252566735113
2024-12-31,5.4399999999999995,-0.16427104722792607
2025-01-01,8.22,-0.13141683778234087
2025-01-02,3.59,-0.09856262833675565
2025-01-03,5.4350000000000005,-0.06570841889117043
2025-01-04,3.53,-0.03285420944558522
2025-01-05,4.16,0
2025-01-06,5.62,0.03285420944558522
2025-01-07,4.15,0.06570841889117043
2025-01-08,3.465,0.09856262833675565
2025-01-09,3.4,0.13141683778234087
2025-01-10,4.215,0.16427104722792607
2025-01-11,6.02,0.1971252566735113
2025-01-12,8.83,0.2299794661190965
2025-01-13,12.29,0.26283367556468173
2025-01-14,5.545,0.29568788501026694
2025-01-15,4.824999999999999,0.32854209445585214
2025-01-16,7.145,0.3613963039014374
2025-01-17,13.71,0.3942505133470226
2025-01-18,6.68,0.4271047227926078
2025-01-19,9.61,0.459958932238193
2025-01-20,4.51,0.4928131416837782
2025-01-21,6.605,0.5256673511293635
2025-01-22,7.735,0.5585215605749486
2025-01-23,9.705,0.5913757700205339
2025-01-24,12.83,0.6242299794661191
2025-01-25,7.16,0.6570841889117043
2025-01-26,11.52,0.6899383983572895
2025-01-27,6.42,0.7227926078028748
2025-01-28,5.665,0.75564681724846
2025-01-29,6.425,0.7885010266940452
2025-01-30,3.6500000000000004,0.8213552361396304
2025-01-31,7.715,0.8542094455852156
2025-02-01,7.27,0.8870636550308009
2025-02-02,4.73,0.919917864476386
2025-02-03,10.684999999999999,0.9527720739219713
2025-02-04,6.255000000000001,0.9856262833675564
2025-02-05,3.99,1.0184804928131417
2025-02-06,5.26,1.051334702258727
2025-02-07,7.135,1.0841889117043122
2025-02-08,5.390000000000001,1.1170431211498972
2025-02-09,7.17,1.1498973305954825
2025-02-10,5.665,1.1827515400410678
2025-02-11,6.145,1.215605749486653
2025-02-12,10.9,1.2484599589322383
2025-02-13,7.115,1.2813141683778233
2025-02-14,4.575,1.3141683778234086
2025-02-15,5.645,1.3470225872689938
2025-02-16,4.41,1.379876796714579
2025-02-17,3.6950000000000003,1.4127310061601643
2025-02-18,4.17,1.4455852156057496
2025-02-19,3.675,1.4784394250513346
2025-02-20,4.699999999999999,1.51129363449692
2025-02-21,4.48,1.5441478439425051
2025-02-22,5.68,1.5770020533880904
2025-02-23,10.115,1.6098562628336757
2025-02-24,10.600000000000001,1.6427104722792607
2025-02-25,8.215,1.675564681724846
2025-02-26,6.005,1.7084188911704312
2025-02-27,9.83,1.7412731006160165
2025-02-28,4.705,1.7741273100616017
2025-03-01,5.025,1.8069815195071868
2025-03-02,3.81,1.839835728952772
2025-03-03,4.485,1.8726899383983573
2025-03-04,8.870000000000001,1.9055441478439425
2025-03-05,7.27,1.9383983572895278
2025-03-06,4.77,1.9712525667351128
2025-03-07,3.3,2.004106776180698
2025-03-08,3.525,2.0369609856262834
2025-03-09,3.81,2.0698151950718686
2025-03-10,5.96,2.102669404517454
2025-03-11,6.625,2.135523613963039
2025-03-12,5.17,2.1683778234086244
2025-03-13,5.045,2.2012320328542097
2025-03-14,6.02,2.2340862422997945
2025-03-15,4.86,2.2669404517453797
2025-03-16,8.31,2.299794661190965
2025-03-17,7.33,2.3326488706365502
2025-03-18,3.6550000000000002,2.3655030800821355
2025-03-19,6.51,2.3983572895277208
2025-03-20,4.18,2.431211498973306
2025-03-21,3.6950000000000003,2.4640657084188913
2025-03-22,5.555,2.4969199178644765
2025-03-23,3.665,2.529774127310062
2025-03-24,5.975,2.5626283367556466
2025-03-25,6.165,2.595482546201232
2025-03-26,4.88,2.628336755646817
2025-03-27,4.015000000000001,2.6611909650924024
2025-03-28,7.175000000000001,2.6940451745379876
2025-03-29,10.280000000000001,2.726899383983573
2025-03-30,6.62,2.759753593429158
2025-03-31,13.385,2.7926078028747434
2025-04-01,4.42,2.8254620123203287
2025-04-02,3.975,2.858316221765914
2025-04-03,8.82,2.891170431211499
2025-04-04,6.355,2.924024640657084
2025-04-05,3.94,2.9568788501026693
2025-04-06,4.99,2.9897330595482545
2025-04-07,4.4,3.02258726899384
2025-04-08,4.765,3.055441478439425
2025-04-09,4.265,3.0882956878850103
2025-04-10,6.255,3.1211498973305956
2025-04-11,5.355,3.154004106776181
2025-04-12,3.5,3.186858316221766
2025-04-13,3.26,3.2197125256673513
2025-04-14,5.835,3.252566735112936
2025-04-15,9.045,3.2854209445585214
2025-04-16,3.06,3.3182751540041067
2025-04-17,3.815,3.351129363449692
2025-04-18,6.61,3.383983572895277
2025-04-19,10.58,3.4168377823408624
2025-04-20,4.63,3.4496919917864477
2025-04-21,4.4,3.482546201232033
2025-04-22,6.945,3.515400410677618
2025-04-23,5.44,3.5482546201232035
2025-04-24,14.515,3.5811088295687883
2025-04-25,6.54,3.6139630390143735
2025-04-26,7.825,3.646817248459959
2025-04-27,2.7800000000000002,3.679671457905544
2025-04-28,4.19,3.7125256673511293
2025-04-29,5.455,3.7453798767967146
2025-04-30,6.28,3.7782340862423
2025-05-01,3.875,3.811088295687885
2025-05-02,10.26,3.8439425051334704
2025-05-03,11.86,3.8767967145790556
2025-05-04,7.34,3.909650924024641
2025-05-05,8.719999999999999,3.9425051334702257
2025-05-06,6.6,3.975359342915811
2025-05-07,5.98,4.008213552361396
2025-05-08,7.96,4.041067761806982
2025-05-09,6.1850000000000005,4.073921971252567
2025-05-10,3.715,4.1067761806981515
2025-05-11,6.79,4.139630390143737
2025-05-12,6.02,4.172484599589322
2025-05-13,8.565,4.205338809034908
2025-05-14,8.11,4.238193018480493
2025-05-15,10.175,4.271047227926078
2025-05-16,15.275,4.303901437371663
2025-05-17,11.27,4.336755646817249
2025-05-18,4.109999999999999,4.369609856262834
2025-05-19,3.83,4.402464065708419
2025-05-20,3.3600000000000003,4.435318275154004
2025-05-21,4.08,4.468172484599589
2025-05-22,3.76,4.501026694045175
2025-05-23,4.46,4.5338809034907595
2025-05-24,3.495,4.566735112936345
2025-05-25,3.755,4.59958932238193
2025-05-26,4.0600000000000005,4.632443531827516
2025-05-27,5.99,4.6652977412731005
2025-05-28,5.484999999999999,4.698151950718686
2025-05-29,5.0649999999999995,4.731006160164271
2025-05-30,10.83,4.763860369609857
2025-05-31,5.609999999999999,4.7967145790554415
NA,8.395,NA
