aqs_id_full,geoid,area_land
840999999991,360610029011,0.036194
840999999991,360610006002,0.064678
840999999991,360610041004,0.030922
840999999991,360610006003,0.020959
840999999991,360610006004,0.021493
840999999991,360610030022,0.04143
840999999991,360610043003,0.06955
840999999991,360610018004,0.021687
840999999991,360610008003,0.017334
840999999991,360610008004,0.014371
840999999991,360610006006,0.052254
840999999991,360610031001,0.088496
840999999991,360610016005,0.035682
840999999991,360610029023,0.010482
840999999991,360610029025,0.027455
840999999991,360610021003,0.082411
840999999991,360610033004,0.063224
840999999991,360610008006,0.105814
840999999991,360610016003,0.036846
840999999991,360610015010,0
840999999991,360610025002,0.025738
840999999991,360610016004,0.028874
840999999991,360610018003,0.040671
840999999991,360610008000,0
840999999991,360610041002,0.032684
840999999991,360610030011,0.031204
840999999991,360610049001,0.136615
840999999991,360610018001,0.031191
840999999991,360610036013,0.056579
840999999991,360610014011,0.056638
840999999991,360610049002,0.036368
840999999991,360610027001,0.059282
840999999991,360610006005,0.039715
840999999991,360610014022,0.057077
840999999991,360610008005,0.033697
840999999991,360610029022,0.047697
840999999991,360610030012,0.028722
840999999991,360610025000,0
840999999991,360610016001,0.084532
840999999991,360610018007,0.017675
840999999991,360610029021,0.022983
840999999991,360610008001,0.031489
840999999991,360610041005,0.047114
840999999991,360610002011,0.024882
840999999991,360610055011,0.051576
840999999991,360610041003,0.028939
840999999991,360610047001,0.042747
840999999991,360610006001,0.041307
840999999991,360610014012,0.036867
840999999991,360610025001,0.035945
840999999991,360610043001,0.054068
840999999991,360610002012,0.065351
840999999991,360610033003,0.048621
840999999991,360610029024,0.015213
840999999991,360610031002,0.116473
840999999991,360610029013,0.034461
840999999991,360610033002,0.143992
840999999991,360610029012,0.0744
840999999991,360610021002,0.063081
840999999991,360610037003,0.142392
840999999991,360610018006,0.01665
840999999991,360610015013,0.112827
840999999991,360610025003,0.040388
840999999991,360610033001,0.08584
840999999991,360610036011,0.020483
840999999991,360610036012,0.02275
840999999991,360610015011,0.098114
840999999991,360610055022,0.07113
840999999991,360610045001,0.104948
840999999991,360610021001,0.061166
840999999991,360610041001,0.025999
840999999991,360610036021,0.037938
840999999991,360610030014,0.03085
840999999991,360610041006,0.02562
840999999991,360610043002,0.025621
840999999991,360610047002,0.122673
840999999991,360610014021,0.056843
840999999991,360610030013,0.033374
840999999991,360610006000,0
840999999991,360610018002,0.032631
840999999991,360610018005,0.062459
840999999991,360610016002,0.021447
840999999991,360610015012,0.059871
840999999991,360610025004,0.029446
840999999991,360610008002,0.018003
840999999991,360610036022,0.051073
840999999992,360050093011,0.071362
840999999992,360050050014,0.01962
840999999992,360050123006,0.110927
840999999992,360050093022,0.893176
840999999992,360050093014,0.107526
840999999992,360050117011,0.086067
840999999992,360050123005,0.041788
840999999992,360050131004,0.040398
840999999992,360050127011,0.04089
840999999992,360050089001,0.060574
840999999992,360050119003,0.017103
840999999992,360050024000,0
840999999992,360050050011,0.039012
840999999992,360050085004,0.015443
840999999992,360050115023,0.088039
840999999992,360050119005,0.033834
840999999992,360050050022,0.023491
840999999992,360050093016,0.135531
840999999992,360050028004,0.037864
840999999992,360050121021,0.049643
840999999992,360050052002,0.023898
840999999992,360050093021,0.870256
840999999992,360050050021,0.045659
840999999992,360050089002,0.049717
840999999992,360050159002,0.039969
840999999992,360050093013,0.104757
840999999992,360050050013,0.019649
840999999992,360050119001,0.056548
840999999992,360050119004,0.017987
840999999992,360050028003,0.038424
840999999992,360050123004,0.008811
840999999992,360050028001,0.261929
840999999992,360050028002,0.076371
840999999992,360050121011,0.048195
840999999992,360050127012,0.067828
840999999992,360050052001,0.158791
840999999992,360050159001,0.063632
840999999992,360050117021,1.136797
840999999992,360050093015,0.089185
840999999992,360050093012,0.062407
840999999992,360050085001,0.049332
840999999992,360050087002,0.039038
840999999992,360050115022,0.0431
840999999992,360050119002,0.041527
840999999992,360050087001,0.108388
840999999992,360050123003,0.033182
840999999992,360050085005,0.017208
840999999992,360050087004,0.018316
840999999992,360050024001,0.691445
840999999992,360050087003,0.026936
840999999992,360050129011,0.079585
840999999992,360050115021,0.205156
840999999992,360050087005,0.020896
840999999992,360050050012,0.019608
840999999992,360050117020,0
840999999992,360050117012,0.135623
840999999992,360050121012,0.06742
840999999992,360050125001,0.100794
840999999993,360810621003,0.058569
840999999993,360810659001,0.09189
840999999993,360810625001,0.091875
840999999993,360810621001,0.079657
840999999993,360810623001,0.081729
840999999993,360810633011,0.134735
840999999993,360810633021,0.061911
840999999993,360810637002,0.140968
840999999993,360810635001,0.089887
840999999993,360810635002,0.099573
840999999993,360810657021,0.144106
840999999993,360810621002,0.120046
840999999993,360810657032,0.100449
840999999993,360810613021,0.487033
840999999993,360810637003,0.27002
840999999993,360810657033,0.074376
840999999993,360810561001,2.822179
840999999993,360810619001,0.133043
840999999993,360810623002,0.074927
840999999993,360810627001,0.092414
840999999993,360810655011,0.812085
840999999993,360810619002,0.124815
840999999993,360810633022,0.076828
840999999993,360810657031,0.093626
840999999993,360810637004,0.143472
840999999993,360810629001,0.067896
840999999993,360810625002,0.106904
840999999993,360810641021,2.225376
840999999993,360810629002,0.067344
840999999993,360810639001,0.161402
840999999994,360810837002,0.083107
840999999994,360810837003,0.096386
840999999994,360810809002,0.056862
840999999994,360810809004,0.097516
840999999994,360811227024,0.078502
840999999994,360810837005,0.249668
840999999994,360810799001,0.157354
840999999994,360811215002,0.124338
840999999994,360810779061,0.133393
840999999994,360810779025,0.063434
840999999994,360810803021,0.141035
840999999994,360810809001,0.133416
840999999994,360811227021,0.111951
840999999994,360810779062,0.155682
840999999994,360810837004,0.170889
840999999994,360810837001,0.180731
840999999994,360810803023,0.148379
840999999994,360811227032,0.100055
840999999994,360811227031,0.08629
840999999994,360810803012,0.11688
840999999994,360810803022,0.149214
840999999994,360810809006,0.101528
840999999994,360810809007,0.466752
840999999994,360810793001,0.87407
840999999994,360810809005,0.083399
840999999994,360811227023,0.113859
840999999994,360811227025,0.072885
840999999994,360810803013,0.10853
840999999994,360811211001,0.97972
840999999994,360811227022,0.072543
840999999994,360810779021,0.067673
840999999994,360811215003,0.139847
840999999994,360810809003,0.06177
840999999995,360610070021,0.018566
840999999995,360610109001,0.175741
840999999995,360610095001,0.08608
840999999995,360610072005,0.024222
840999999995,360610091002,0.023009
840999999995,360610103002,0.06661
840999999995,360610094001,0.087386
840999999995,360610068001,0.048993
840999999995,360610097002,0.086447
840999999995,360610080005,0.025502
840999999995,360610058003,0.076519
840999999995,360610074001,0.037877
840999999995,360610080006,0.036805
840999999995,360610121021,0.027668
840999999995,360610072007,0.013088
840999999995,360610113001,0.175653
840999999995,360610119001,0.088724
840999999995,360610082001,0.03677
840999999995,360610092001,0.050085
840999999995,360610103001,0.107858
840999999995,360610115001,0.087821
840999999995,360610096002,0.074384
840999999995,360610125004,0.036811
840999999995,360610072006,0.013118
840999999995,360610078002,0.033890000000000003
840999999995,360610080002,0.012108
840999999995,360610072002,0.038401
840999999995,360610119002,0.088867
840999999995,360610076001,0.100994
840999999995,360610121011,0.045262
840999999995,360610080003,0.024261
840999999995,360610056001,0.086633
840999999995,360610125002,0.033835
840999999995,360610091001,0.021769
840999999995,360610072004,0.03641
840999999995,360610093001,0.04951
840999999995,360610111001,0.08769
840999999995,360610080001,0.049487
840999999995,360610095002,0.085884
840999999995,360610125001,0.087176
840999999995,360610097004,0.022262
840999999995,360610084001,0.050755
840999999995,360610070024,0.017104
840999999995,360610074004,0.012625
840999999995,360610111003,0.04299
840999999995,360610074002,0.036756
840999999995,360610097003,0.023152
840999999995,360610091004,0.046415
840999999995,360610092002,0.110116
840999999995,360610115002,0.087769
840999999995,360610058001,0.048669
840999999995,360610072001,0.013022
840999999995,360610121012,0.043783999999999997
840999999995,360610074005,0.050429
840999999995,360610091003,0.023184
840999999995,360610091005,0.043077
840999999995,360610091006,0.021644
840999999995,360610074003,0.036398
840999999995,360610082003,0.024523
840999999995,360610068006,0.024279
840999999995,360610072003,0.036754
840999999995,360610127002,0.043405
840999999995,360610084002,0.122312
840999999995,360610111002,0.044784
840999999995,360610076002,0.07328
840999999995,360610101001,0.17552
840999999995,360610082002,0.111108
840999999995,360610056002,0.06337
840999999995,360610078001,0.017071
840999999995,360610080004,0.024463
840999999995,360610058002,0.049481
840999999995,360610121022,0.017605
840999999995,360610094002,0.065368
840999999995,360610078004,0.02478
840999999995,360610096001,0.100946
840999999995,360610097001,0.041072
840999999996,360470557001,0.0443
840999999996,360470555001,0.261669
840999999996,360470557002,0.238193
840999999996,360470551001,0.140278
840999999996,360610044001,0.042683
840999999996,360610034001,0.038521
840999999996,360610022011,0.034177
840999999996,360610020002,0.022205
840999999996,360610030022,0.04143
840999999996,360610032003,0.032773
840999999996,360610020000,0
840999999996,360610028004,0.092017
840999999996,360610028001,0.019945
840999999996,360610032001,0.032799
840999999996,360610034002,0.035337
840999999996,360610012001,0.047666
840999999996,360610022021,0.056108
840999999996,360610020001,0.077124
840999999996,360610044000,0
840999999996,360610010011,0.080143
840999999996,360610020003,0.026950000000000002
840999999996,360610012003,0.036076
840999999996,360610032002,0.015771
840999999996,360610010025,0.067319
840999999996,360610010021,0.040446
840999999996,360610030011,0.031204
840999999996,360610032007,0.067615
840999999996,360610028003,0.034427
840999999996,360610014022,0.057077
840999999996,360610044004,0.053757
840999999996,360610024003,0.052983
840999999996,360610026011,0.053344
840999999996,360610034003,0.049691
840999999996,360610044003,0.037255
840999999996,360610026022,0.016711
840999999996,360610022014,0.056232
840999999996,360610022013,0.039102
840999999996,360610032004,0.016816
840999999996,360610026023,0.034854
840999999996,360610024000,0
840999999996,360610010020,0
840999999996,360610044002,0.113064
840999999996,360610010024,0.009732
840999999996,360610010022,0.028951
840999999996,360610010023,0.053234
840999999996,360610028002,0.037237
840999999996,360610032005,0.017438
840999999996,360610026021,0.052125
840999999996,360610012002,0.036855
840999999996,360610030014,0.03085
840999999996,360610030021,0.037102
840999999996,360610022012,0.032157
840999999996,360610014021,0.056843
840999999996,360610030013,0.033374
840999999996,360610032006,0.03447
840999999996,360610024002,0.075138
840999999996,360610044006,0.031007
840999999996,360610010010,0
840999999996,360610024001,0.054216
840999999996,360610026012,0.052703
840999999996,360610034004,0.036708
840999999997,360050027024,0.021661
840999999997,360050019011,0.205007
840999999997,360050025003,0.023409
840999999997,360050025002,0.026458
840999999997,360050025004,0.021737
840999999997,360050027022,0.033737
840999999997,360050051003,0.067958
840999999997,360050039004,0.026702
840999999997,360050043003,0.038688
840999999997,360050041002,0.078284
840999999997,360050033001,0.078317
840999999997,360050043004,0.038094
840999999997,360050041004,0.050659
840999999997,360050051002,0.166265
840999999997,360050041003,0.008306
840999999997,360050043002,0.101984
840999999997,360050037001,0.165973
840999999997,360050027021,0.053858
840999999997,360050023001,0.051911
840999999997,360050023003,0.033231
840999999997,360050039002,0.053069
840999999997,360050019021,0.469741
840999999997,360050027012,0.043299
840999999997,360050025001,0.021713
840999999997,360050027023,0.046205
840999999997,360050033002,0.034761
840999999997,360050039001,0.042693
840999999997,360050033003,0.039307
840999999997,360050025005,0.034175
840999999997,360050039005,0.057142
840999999997,360050039003,0.036604
840999999997,360050027011,0.038285
840999999997,360050063015,0.202289
840999999997,360050019032,0.745115
840999999997,360050051001,0.276222
840999999997,360050023002,0.019503
840999999997,360050065001,0.112953
840999999997,360050041001,0.047483
840999999997,360610192000,0
840999999997,360610192002,0.042338
840999999997,360610194001,0.068295
840999999997,360610192003,0.033663
840999999997,360610240000,0
840999999997,360610242001,0.09704
840999999997,360610240001,0.948963
840999999997,360610242003,0.200739
840999999997,360610242000,0
840999999997,360610192001,0.113849
840999999998,360050241002,0.035559
840999999998,360050147023,0.013164
840999999998,360050209001,0.055352
840999999998,360050395002,0.074238
840999999998,360050231001,0.117143
840999999998,360050241005,0.020191
840999999998,360050147024,0.026162
840999999998,360050227012,0.028517
840999999998,360050215021,0.047872
840999999998,360050381004,0.033733
840999999998,360050227011,0.023095
840999999998,360050235021,0.035685
840999999998,360050213021,0.05357
840999999998,360050233021,0.037195
840999999998,360050225001,0.018635
840999999998,360050225004,0.047291
840999999998,360050229012,0.025133
840999999998,360050243001,0.038402
840999999998,360050233011,0.04704
840999999998,360050227021,0.047372
840999999998,360050369021,0.018855
840999999998,360050229021,0.035575
840999999998,360050215022,0.021664
840999999998,360050229023,0.024581
840999999998,360050381005,0.022156
840999999998,360050147011,0.041236
840999999998,360050147021,0.019172
840999999998,360050177022,0.047627
840999999998,360050223004,0.02869
840999999998,360050229013,0.015191
840999999998,360050235013,0.014793
840999999998,360050229014,0.020135
840999999998,360050215024,0.020999
840999999998,360050227031,0.03866
840999999998,360050177021,0.02282
840999999998,360050395003,0.081601
840999999998,360050243003,0.02077
840999999998,360050167001,0.032864
840999999998,360050379002,0.086258
840999999998,360050209004,0.03514
840999999998,360050395004,0.181094
840999999998,360050233014,0.019037
840999999998,360050379001,0.029326
840999999998,360050225005,0.013529
840999999998,360050225002,0.047014
840999999998,360050369011,0.065213
840999999998,360050235012,0.012024
840999999998,360050209003,0.020252
840999999998,360050209002,0.021723
840999999998,360050225006,0.027721
840999999998,360050233012,0.02547
840999999998,360050177024,0.023906
840999999998,360050235011,0.041383
840999999998,360050235022,0.012985
840999999998,360050229022,0.031445
840999999998,360050169001,0.092914
840999999998,360050235024,0.03062
840999999998,360050379005,0.034899
840999999998,360050223003,0.020675
840999999998,360050241003,0.033746
840999999998,360050215011,0.038734
840999999998,360050379003,0.020322
840999999998,360050233022,0.025382
840999999998,360050215023,0.036066
840999999998,360050167002,0.172973
840999999998,360050219001,0.142939
840999999998,360050251003,0.036083
840999999998,360050221021,0.032519
840999999998,360050147022,0.057808
840999999998,360050171001,0.174588
840999999998,360050375043,0.058465
840999999998,360050379004,0.020526
840999999998,360050215025,0.029126
840999999998,360050217003,0.051932
840999999998,360050223001,0.022523
840999999998,360050229015,0.029798
840999999998,360050233013,0.027565
840999999998,360050241004,0.014808
840999999998,360050179021,0.046625
840999999998,360050243002,0.067879
840999999998,360050165001,0.196842
840999999998,360050381006,0.053997
840999999998,360050241001,0.030357
840999999998,360050251007,0.02228
840999999998,360050243004,0.023381
840999999998,360050217004,0.01975
840999999998,360050163001,0.586021
840999999998,360050245011,0.03907
840999999998,360050217002,0.020295
840999999998,360050235023,0.01695
840999999998,360050381003,0.012614
840999999998,360050225003,0.025832
840999999998,360050227013,0.065581
840999999998,360050213011,0.020868
840999999998,360050179023,0.015696
840999999998,360050177023,0.046553
840999999998,360050223002,0.020877
840999999998,360050229011,0.031636
840999999998,360050217001,0.069533
840999999999,360810154001,0.072218
840999999999,360810192002,0.071876
840999999999,360810198003,0.06284
840999999999,360810154002,0.077926
840999999999,360810174002,0.101098
840999999999,360810204002,0.091647
840999999999,360810208001,0.231125
840999999999,360810158011,0.107402
840999999999,360810170002,0.103036
840999999999,360810158023,0.092711
840999999999,360810190002,0.0917
840999999999,360810152001,0.090339
840999999999,360810192001,0.12917
840999999999,360810164001,0.089488
840999999999,360810158021,0.089617
840999999999,360810158022,0.096077
840999999999,360810206001,0.148614
840999999999,360810164002,0.108335
840999999999,360810172001,0.101141
840999999999,360810202001,0.153117
840999999999,360810208002,0.312129
840999999999,360810198002,0.085979
840999999999,360810254012,0.121522
840999999999,360810196001,0.127926
840999999999,360810204001,0.194997
840999999999,360810170001,0.114425
840999999999,360810260002,0.091794
840999999999,360810142022,0.41521
840999999999,360810148001,0.157056
840999999999,360810158012,0.099593
840999999999,360810194001,0.142196
840999999999,360810194002,0.163701
840999999999,360810158013,0.088614
840999999999,360810198001,0.0589
840999999999,360810174001,0.089476
840999999999,360810150001,0.070698
840999999999,360810152002,0.094956
840999999999,360810156002,0.127305
840999999999,360810172002,0.089923
840999999999,360810254011,0.1305
840999999999,360810196002,0.094971
840999999999,360810156001,0.082171
840999999910,360810837002,0.083107
840999999910,360810837003,0.096386
840999999910,360810809002,0.056862
840999999910,360810809004,0.097516
840999999910,360811227024,0.078502
840999999910,360810837005,0.249668
840999999910,360810799001,0.157354
840999999910,360811215002,0.124338
840999999910,360810779061,0.133393
840999999910,360810779025,0.063434
840999999910,360810803021,0.141035
840999999910,360810809001,0.133416
840999999910,360811227021,0.111951
840999999910,360810779062,0.155682
840999999910,360810837004,0.170889
840999999910,360810837001,0.180731
840999999910,360810803023,0.148379
840999999910,360811227032,0.100055
840999999910,360811227031,0.08629
840999999910,360810803012,0.11688
840999999910,360810803022,0.149214
840999999910,360810809006,0.101528
840999999910,360810809007,0.466752
840999999910,360810793001,0.87407
840999999910,360810809005,0.083399
840999999910,360811227023,0.113859
840999999910,360811227025,0.072885
840999999910,360810803013,0.10853
840999999910,360811211001,0.97972
840999999910,360811227022,0.072543
840999999910,360810779021,0.067673
840999999910,360811215003,0.139847
840999999910,360810809003,0.06177
840999999911,360470191003,0.052248
840999999911,360470527006,0.021489
840999999911,360470529001,0.049086
840999999911,360470523001,0.03432
840999999911,360470545001,0.023005
840999999911,360470527005,0.03458
840999999911,360470525001,0.098872
840999999911,360470527003,0.038272
840999999911,360470527002,0.02102
840999999911,360470533005,0.060272
840999999911,360470533004,0.034851
840999999911,360470535004,0.045489
840999999911,360470511002,0.053657
840999999911,360470191002,0.068476
840999999911,360470255001,0.069283
840999999911,360471237002,0.077467
840999999911,360470545006,0.038014
840999999911,360471237001,0.089464
840999999911,360470549002,0.151012
840999999911,360470191001,0.133073
840999999911,360470211002,0.11231
840999999911,360470523002,0.03195
840999999911,360470531021,0.047266
840999999911,360470539002,0.055682
840999999911,360470545005,0.032719
840999999911,360470547001,0.042181
840999999911,360470513004,0.071568
840999999911,360470491001,0.045121
840999999911,360470533001,0.03493
840999999911,360470531022,0.035678
840999999911,360470535002,0.02878
840999999911,360470549001,0.04443
840999999911,360470527004,0.029531
840999999911,360470533002,0.031307
840999999911,360470545002,0.026009
840999999911,360470193002,0.031546
840999999911,360470529002,0.063288
840999999911,360470525002,0.025272
840999999911,360470235002,0.061197
840999999911,360470531012,0.052517
840999999911,360470527007,0.022745
840999999911,360470529003,0.062533
840999999911,360470533003,0.031791
840999999911,360470535003,0.030717
840999999911,360470537002,0.117199
840999999911,360470543001,0.955334
840999999911,360470545003,0.036069
840999999911,360470241001,0.128808
840999999911,360470193001,0.072028
840999999911,360470509001,0.071999
840999999911,360470523003,0.038476
840999999911,360470547003,0.101964
840999999911,360470551004,0.021779
840999999911,360470545004,0.011951
840999999911,360470257003,0.080327
840999999911,360470547002,0.02595
840999999911,360471237003,0.154429
840999999911,360470511001,0.052508
840999999911,360470537001,0.050255
840999999911,360470211003,0.098154
840999999911,360470255002,0.069349
840999999911,360470535001,0.025378
840999999911,360470531011,0.026316
840999999911,360470507001,0.174429
840999999911,360470527001,0.022365
840999999911,360470539001,0.045699
840999999911,360470509002,0.069789
840999999911,360610010010,0
840999999912,360470527006,0.021489
840999999912,360470513002,0.030581
840999999912,360470529001,0.049086
840999999912,360470523001,0.03432
840999999912,360470545001,0.023005
840999999912,360470527005,0.03458
840999999912,360470503003,0.045496
840999999912,360470525001,0.098872
840999999912,360470527003,0.038272
840999999912,360470553003,0.056377
840999999912,360470553002,0.055279
840999999912,360470557001,0.0443
840999999912,360470527002,0.02102
840999999912,360470533005,0.060272
840999999912,360470533004,0.034851
840999999912,360470535004,0.045489
840999999912,360470501002,0.032916
840999999912,360470511002,0.053657
840999999912,360470517001,0.104308
840999999912,360470523005,0.020187
840999999912,360470551003,0.035225
840999999912,360470545006,0.038014
840999999912,360470513001,0.063654
840999999912,360470549002,0.151012
840999999912,360470523002,0.03195
840999999912,360470539002,0.055682
840999999912,360470545005,0.032719
840999999912,360470547001,0.042181
840999999912,360470523004,0.020026
840999999912,360470513004,0.071568
840999999912,360470491001,0.045121
840999999912,360470517002,0.083059
840999999912,360470533001,0.03493
840999999912,360470555001,0.261669
840999999912,360470557002,0.238193
840999999912,360470535002,0.02878
840999999912,360470549001,0.04443
840999999912,360470519003,0.072249
840999999912,360470527004,0.029531
840999999912,360470533002,0.031307
840999999912,360470545002,0.026009
840999999912,360470519001,0.119556
840999999912,360470529002,0.063288
840999999912,360470525002,0.025272
840999999912,360470531012,0.052517
840999999912,360470527007,0.022745
840999999912,360470529003,0.062533
840999999912,360470533003,0.031791
840999999912,360470535003,0.030717
840999999912,360470543001,0.955334
840999999912,360470545003,0.036069
840999999912,360470553001,0.044615
840999999912,360470509001,0.071999
840999999912,360470515001,0.186924
840999999912,360470523003,0.038476
840999999912,360470547003,0.101964
840999999912,360470551004,0.021779
840999999912,360470545004,0.011951
840999999912,360470547002,0.02595
840999999912,360470513003,0.092297
840999999912,360470519002,0.08313
840999999912,360470551002,0.034304
840999999912,360470511001,0.052508
840999999912,360470537001,0.050255
840999999912,360470535001,0.025378
840999999912,360470527001,0.022365
840999999912,360470539001,0.045699
840999999912,360470503002,0.034381
840999999912,360470551001,0.140278
840999999912,360470501003,0.093925
840999999912,360470511003,0.052839
840999999912,360470509002,0.069789
840999999912,360610020000,0
840999999912,360610024000,0
840999999912,360610010020,0
840999999912,360610010010,0
840999999913,360610110004,0.018087
840999999913,360610124003,0.018925
840999999913,360610126013,0.018189
840999999913,360610086031,0.018783
840999999913,360610124005,0.017297
840999999913,360610106021,0.017123
840999999913,360610118006,0.018233
840999999913,360610098006,0.036467
840999999913,360610106023,0.05171
840999999913,360610116001,0.160959
840999999913,360610110003,0.051752
840999999913,360610106012,0.018553
840999999913,360610126011,0.019837
840999999913,360610098003,0.034479
840999999913,360610126015,0.019747
840999999913,360610118007,0.016795
840999999913,360610098004,0.018276
840999999913,360610108032,0.018566
840999999913,360610110001,0.017106
840999999913,360610108013,0.018256
840999999913,360610108012,0.018198
840999999913,360610126024,0.017178
840999999913,360610126023,0.017135
840999999913,360610106016,0.032986
840999999913,360610086021,0.106507
840999999913,360610090004,0.017387
840999999913,360610098007,0.018072
840999999913,360610106015,0.017013
840999999913,360610110006,0.054171
840999999913,360610124007,0.020993
840999999913,360610124008,0.01851
840999999913,360610098002,0.034488
840999999913,360610122001,0.049456
840999999913,360610124002,0.018827
840999999913,360610122004,0.036841
840999999913,360610100001,0.086975
840999999913,360610124004,0.017211
840999999913,360610110002,0.017215
840999999913,360610114012,0.049118
840999999913,360610098001,0.017072
840999999913,360610104001,0.17323
840999999913,360610108011,0.034347
840999999913,360610118004,0.054511
840999999913,360610128002,0.025779
840999999913,360610122002,0.037001
840999999913,360610086034,0.055619
840999999913,360610118005,0.0181
840999999913,360610092003,0.036822
840999999913,360610238043,0.018124
840999999913,360610238041,0.147847
840999999913,360610112021,0.078008
840999999913,360610130002,0.051774
840999999913,360610086033,0.017799
840999999913,360610118003,0.01719
840999999913,360610120003,0.03725
840999999913,360610128003,0.03946
840999999913,360610106010,0
840999999913,360610102001,0.086526
840999999913,360610116000,0
840999999913,360610108023,0.019538
840999999913,360610118002,0.017194
840999999913,360610122003,0.049317
840999999913,360610118008,0.017229
840999999913,360610112011,0.079536
840999999913,360610120002,0.036635
840999999913,360610092002,0.110116
840999999913,360610116002,0.017296
840999999913,360610090005,0.034439
840999999913,360610086030,0
840999999913,360610102002,0.086365
840999999913,360610238032,0.049751
840999999913,360610108022,0.012542
840999999913,360610098005,0.018202
840999999913,360610106024,0.017438
840999999913,360610238042,0.081446
840999999913,360610086032,0.024693
840999999913,360610106014,0.017394
840999999913,360610110005,0.018185
840999999913,360610116003,0.017327
840999999913,360610128005,0.025835
840999999913,360610120004,0.074334
840999999913,360610112031,0.038738
840999999913,360610100002,0.085919
840999999913,360610112032,0.039209
840999999913,360610143001,2.992159
840999999913,360610108021,0.025321
840999999913,360610106011,0.017441
840999999913,360610090003,0.034606
840999999913,360610126021,0.036168
840999999913,360610126014,0.018148
840999999913,360610114022,0.04964
840999999913,360610106013,0.018572
840999999913,360610106022,0.038699
840999999913,360610114011,0.04939
840999999913,360610120001,0.024806
840999999913,360610108031,0.035833
840999999913,360610106020,0
840999999913,360610126022,0.018829
840999999913,360610114021,0.04916
840999999913,360610118001,0.01751
840999999914,360610006002,0.064678
840999999914,360610038004,0.017764
840999999914,360610022011,0.034177
840999999914,360610041004,0.030922
840999999914,360610006003,0.020959
840999999914,360610020002,0.022205
840999999914,360610006004,0.021493
840999999914,360610030022,0.04143
840999999914,360610043003,0.06955
840999999914,360610018004,0.021687
840999999914,360610038006,0.016836
840999999914,360610008003,0.017334
840999999914,360610032003,0.032773
840999999914,360610006006,0.052254
840999999914,360610016005,0.035682
840999999914,360610002024,0.112847
840999999914,360610008006,0.105814
840999999914,360610016003,0.036846
840999999914,360610032001,0.032799
840999999914,360610038007,0.034979
840999999914,360610002010,0
840999999914,360610012001,0.047666
840999999914,360610022021,0.056108
840999999914,360610020001,0.077124
840999999914,360610010011,0.080143
840999999914,360610020003,0.026950000000000002
840999999914,360610012003,0.036076
840999999914,360610016004,0.028874
840999999914,360610032002,0.015771
840999999914,360610018003,0.040671
840999999914,360610010025,0.067319
840999999914,360610010021,0.040446
840999999914,360610041002,0.032684
840999999914,360610030011,0.031204
840999999914,360610032007,0.067615
840999999914,360610018001,0.031191
840999999914,360610038002,0.017046
840999999914,360610036013,0.056579
840999999914,360610014011,0.056638
840999999914,360610006005,0.039715
840999999914,360610014022,0.057077
840999999914,360610008005,0.033697
840999999914,360610024003,0.052983
840999999914,360610029022,0.047697
840999999914,360610030012,0.028722
840999999914,360610026011,0.053344
840999999914,360610016001,0.084532
840999999914,360610018007,0.017675
840999999914,360610029021,0.022983
840999999914,360610008001,0.031489
840999999914,360610041005,0.047114
840999999914,360610026022,0.016711
840999999914,360610022014,0.056232
840999999914,360610002011,0.024882
840999999914,360610022013,0.039102
840999999914,360610041003,0.028939
840999999914,360610032004,0.016816
840999999914,360610026023,0.034854
840999999914,360610002021,0.055116
840999999914,360610006001,0.041307
840999999914,360610014012,0.036867
840999999914,360610043001,0.054068
840999999914,360610002012,0.065351
840999999914,360610010020,0
840999999914,360610010024,0.009732
840999999914,360610002026,0.083226
840999999914,360610018006,0.01665
840999999914,360610002020,0
840999999914,360610010022,0.028951
840999999914,360610010023,0.053234
840999999914,360610032005,0.017438
840999999914,360610055021,0.044356
840999999914,360610036011,0.020483
840999999914,360610026021,0.052125
840999999914,360610038003,0.031465
840999999914,360610002023,0.027252
840999999914,360610036012,0.02275
840999999914,360610055022,0.07113
840999999914,360610041001,0.025999
840999999914,360610036021,0.037938
840999999914,360610012002,0.036855
840999999914,360610030014,0.03085
840999999914,360610041006,0.02562
840999999914,360610030021,0.037102
840999999914,360610043002,0.025621
840999999914,360610022012,0.032157
840999999914,360610002022,0.028455
840999999914,360610014021,0.056843
840999999914,360610030013,0.033374
840999999914,360610032006,0.03447
840999999914,360610006000,0
840999999914,360610018002,0.032631
840999999914,360610018005,0.062459
840999999914,360610016002,0.021447
840999999914,360610010010,0
840999999914,360610038005,0.035076
840999999914,360610026012,0.052703
840999999914,360610008002,0.018003
840999999914,360610036022,0.051073
840999999915,360050215013,0.027166
840999999915,360050201002,0.031961
840999999915,360050205014,0.037237
840999999915,360050193002,0.02899
840999999915,360050205012,0.101133
840999999915,360050211003,0.042251
840999999915,360050213022,0.062279
840999999915,360050205013,0.033022
840999999915,360050211002,0.040871
840999999915,360050201001,0.210824
840999999915,360050201003,0.039024
840999999915,360050199004,0.049773
840999999915,360050193003,0.134924
840999999915,360050211001,0.039958
840999999915,360050205023,0.033913
840999999915,360050205011,0.037252
840999999915,360050053001,0.036964
840999999915,360050213012,0.041185
840999999915,360050205015,0.061491
840999999915,360610271004,0.040744
840999999915,360610251002,0.037973
840999999915,360610311000,0
840999999915,360610253005,0.026446
840999999915,360610261005,0.022111
840999999915,360610253003,0.021905
840999999915,360610271003,0.058204
840999999915,360610269001,0.02321
840999999915,360610261004,0.021795
840999999915,360610261006,0.011903
840999999915,360610273004,0.028032
840999999915,360610265004,0.034785
840999999915,360610271001,0.029659
840999999915,360610253002,0.021065
840999999915,360610279003,0.02788
840999999915,360610273002,0.028051
840999999915,360610263001,0.036427
840999999915,360610271005,0.026978
840999999915,360610263004,0.045878
840999999915,360610253001,0.021934
840999999915,360610261002,0.021269
840999999915,360610279001,0.022684
840999999915,360610269004,0.03209
840999999915,360610253006,0.035489
840999999915,360610251001,0.121449
840999999915,360610255002,0.054083
840999999915,360610267001,0.047339
840999999915,360610265003,0.045365
840999999915,360610255004,0.022383
840999999915,360610271002,0.037324
840999999915,360610255003,0.023816
840999999915,360610277001,0.103418
840999999915,360610249001,0.060659
840999999915,360610277002,0.020816
840999999915,360610273003,0.059018
840999999915,360610261001,0.033554
840999999915,360610273001,0.061823
840999999915,360610279004,0.048371
840999999915,360610269006,0.022278
840999999915,360610275001,0.230272
840999999915,360610263005,0.026454
840999999915,360610255001,0.341074
840999999915,360610261007,0.023018
840999999915,360610265005,0.016221
840999999915,360610253004,0.042505
840999999915,360610269005,0.031922
840999999915,360610265001,0.016298
840999999915,360610269003,0.033572
840999999915,360610275002,0.049438
840999999915,360610263003,0.029578
840999999915,360610269002,0.032497
840999999915,360610281001,0.017992
840999999915,360610263002,0.018871
840999999915,360610281002,0.076237
840999999915,360610279002,0.022023
840999999915,360610279006,0.021239
840999999915,360610311001,0.730773
840999999915,360610277003,0.021697
840999999915,360610265002,0.082368
840999999915,360610261003,0.022572
840999999916,360610109001,0.175741
840999999916,360610095001,0.08608
840999999916,360610127005,0.021857
840999999916,360610133001,0.011858
840999999916,360610129022,0.105944
840999999916,360610103002,0.06661
840999999916,360610094001,0.087386
840999999916,360610117002,0.022893
840999999916,360610121024,0.022082
840999999916,360610097002,0.086447
840999999916,360610129013,0.031603
840999999916,360610129011,0.023511
840999999916,360610099031,0.09208
840999999916,360610121021,0.027668
840999999916,360610113001,0.175653
840999999916,360610119001,0.088724
840999999916,360610082001,0.03677
840999999916,360610103001,0.107858
840999999916,360610115001,0.087821
840999999916,360610127001,0.021763
840999999916,360610104001,0.17323
840999999916,360610127004,0.043647
840999999916,360610117003,0.086606
840999999916,360610121023,0.021758
840999999916,360610096002,0.074384
840999999916,360610125004,0.036811
840999999916,360610125003,0.016431
840999999916,360610117001,0.087124
840999999916,360610133003,0.043599
840999999916,360610129012,0.105232
840999999916,360610119002,0.088867
840999999916,360610076001,0.100994
840999999916,360610121011,0.045262
840999999916,360610127003,0.043353
840999999916,360610099021,0.107378
840999999916,360610099032,0.328311
840999999916,360610125002,0.033835
840999999916,360610111001,0.08769
840999999916,360610095002,0.085884
840999999916,360610125001,0.087176
840999999916,360610097004,0.022262
840999999916,360610084001,0.050755
840999999916,360610074004,0.012625
840999999916,360610111003,0.04299
840999999916,360610097003,0.023152
840999999916,360610115002,0.087769
840999999916,360610058001,0.048669
840999999916,360610121012,0.043783999999999997
840999999916,360610074005,0.050429
840999999916,360610129021,0.043691
840999999916,360610131002,0.086931
840999999916,360610082003,0.024523
840999999916,360610131001,0.065471
840999999916,360610127002,0.043405
840999999916,360610084002,0.122312
840999999916,360610111002,0.044784
840999999916,360610076002,0.07328
840999999916,360610101001,0.17552
840999999916,360610133002,0.031761
840999999916,360610082002,0.111108
840999999916,360610121022,0.017605
840999999916,360610094002,0.065368
840999999916,360610096001,0.100946
840999999916,360610097001,0.041072
840999999917,360850213001,0.126904
840999999917,360850251001,0.453089
840999999917,360850231002,0.115278
840999999917,360850223001,0.343665
840999999917,360850231001,0.247759
840999999917,360850223002,0.34409
840999999917,360850303023,0.336199
840999999917,360850213002,0.106353
840999999917,360850213005,0.224192
840999999917,360850239002,0.217058
840999999917,360850213003,0.194749
840999999917,360850213004,0.132379
840999999917,360850239001,0.315025
840999999917,360850231003,0.229805
840999999917,360850251002,0.288539
840999999917,360850207012,0.072499
840999999917,360850247002,0.267989
840999999917,360850201003,0.160283
840999999917,360850247001,0.211867
840999999917,360850303012,0.376529
840999999917,360850201002,0.173849
840999999917,360850201001,0.294056
840999999917,360850303024,0.239557
840999999917,360850207011,0.263368
840999999918,360850189012,0.332075
840999999918,360850273014,0.921266
840999999918,360850251003,0.430071
840999999918,360850291041,0.280632
840999999918,360850273015,0.245188
840999999918,360850273012,1.322412
840999999918,360850189023,0.228366
840999999918,360850189013,0.280503
840999999918,360850291043,0.269037
840999999918,360850251002,0.288539
840999999918,360850189011,0.523868
840999999918,360850291053,0.2946
840999999918,360850303011,0.34279
840999999918,360850189022,0.289785
840999999918,360850291044,0.41353
840999999918,360850303012,0.376529
840421010055,NA,NA
840421010057,NA,NA
840340070010,NA,NA
840421010048,NA,NA
840340410007,NA,NA
840340071007,NA,NA
840421010075,NA,NA
840340190001,340190113042,6.337239
840340190001,340190113012,11.330429
840340190001,340190112021,19.635331
840340190001,340190113041,4.596863
840340190001,340190112023,8.015847
840340190001,340350537031,24.17304
840340210008,NA,NA
840340210005,NA,NA
840340273001,340270459011,4.124807
840340273001,340270459041,16.479926
840340273001,340270459042,19.863166
840340273001,340270459032,12.194523
840340230011,340230063001,0.870947
840340230011,340230061011,1.910779
840340230011,340230064031,1.591476
840340230011,340230062061,2.772888
840340230011,340230063002,0.690075
840340230011,340230094001,1.933448
840340392003,340390358001,0.758777
840340392003,340390359003,0.276389
840340392003,340390358003,0.355094
840340392003,340390360001,0.298189
840340392003,340390360003,0.62532
840340392003,340390357003,0.296555
840340392003,340390358002,0.911404
840340392003,340390357002,0.50669
840340392003,340390359001,0.25219
840340392003,340390355004,0.291333
840340392003,340390357004,0.251583
840340392003,340390359002,0.246217
840340392003,340390360002,1.065673
840340392003,340390357001,0.266533
840340390004,340390352002,1.3738
840340390004,340390307032,0.121526
840340390004,340390306001,1.532958
840340390004,340390305002,0.26028
840340390004,340390306002,0.156001
840340390004,340390305003,0.456213
840340390004,340390308021,0.233003
840340390004,340390307011,0.179758
840340390004,340390308022,0.368389
840340390004,340390354001,13.465485
840340390004,340390309001,0.172121
840340390004,340390309004,0.333354
840360850111,340239800001,4.335805
840360850111,360850228021,5.5077
840360850111,360850228012,2.611914
840360850111,360850291021,8.094585
840360850111,360850291022,1.147286
840360850111,360850228011,1.453186
840340292002,340297227012,1.903368
840340292002,340297227013,2.889843
840340292002,340297223002,6.611321
840340292002,340297223001,4.465754
840340310005,340311823023,0.064227
840340310005,340311823022,0.098492
840340310005,340311823024,0.143201
840340310005,340311823021,0.13177
840340310005,340311832001,0.36862
840340310005,340311828001,0.08692
840340310005,340311803022,0.185788
840340310005,340311807002,0.134545
840340310005,340311822002,0.304475
840340310005,340311817022,0.136068
840340310005,340311815002,0.147059
840340310005,340311807001,0.10301
840340310005,340311808002,0.476636
840340310005,340312642002,0.22738
840340310005,340311815001,0.201741
840340310005,340312642001,0.058203
840340310005,340311814001,0.129782
840340310005,340311818001,0.19076
840340310005,340311818003,0.130777
840340310005,340311832002,0.432466
840340310005,340311820001,0.249923
840340310005,340311814002,0.214772
840340310005,340311817021,0.083283
840340310005,340311823011,0.218524
840340310005,340312642003,0.252922
840340310005,340311803011,0.090613
840340310005,340311818002,0.100228
840340310005,340311822001,0.085116
840360850055,360850213001,0.126904
840360850055,360850251001,0.453089
840360850055,360850151001,0.316575
840360850055,360850133023,0.27742
840360850055,360850141001,0.163067
840360850055,360850223002,0.34409
840360850055,360850213002,0.106353
840360850055,360850213005,0.224192
840360850055,360850239002,0.217058
840360850055,360850141002,0.148293
840360850055,360850213003,0.194749
840360850055,360850207013,0.081901
840360850055,360850213004,0.132379
840360850055,360850207023,0.141146
840360850055,360850239001,0.315025
840360850055,360850133021,0.162904
840360850055,360850207022,0.119921
840360850055,360850207021,0.280966
840360850055,360850207012,0.072499
840360850055,360850247002,0.267989
840360850055,360850201003,0.160283
840360850055,360850247001,0.211867
840360850055,360850133022,0.409003
840360850055,360850201002,0.173849
840360850055,360850201001,0.294056
840360850055,360850207011,0.263368
840340170008,340170170003,0.05964
840340170008,340170172001,0.068782
840340170008,340170174001,0.059791
840340170008,340170165001,0.062253
840340170008,340170166002,0.084827
840340170008,340170168003,0.031391
840340170008,340170171003,0.055817
840340170008,340170169002,0.078893
840340170008,340170174002,0.055951
840340170008,340170148011,0.238555
840340170008,340170182001,0.077328
840340170008,340170164002,0.060139
840340170008,340170165003,0.068659
840340170008,340170182003,0.102279
840340170008,340170182002,0.114792
840340170008,340170172002,0.056781
840340170008,340170165002,0.073824
840340170008,340170171004,0.069252
840340170008,340170171001,0.140073
840340170008,340170169001,0.065713
840340170008,340170147002,0.312202
840340170008,340170164003,0.078681
840340170008,340170166001,0.143244
840340170008,340170170002,0.063074
840340170008,340170168001,0.068551
840340170008,340170148012,0.75054
840340170008,340170173001,0.147811
840340170008,340170148021,2.175387
840340170008,340170168002,0.064767
840340170008,340170170001,0.083084
840340170008,340170167001,0.145111
840340170008,340170171002,0.074565
840360870005,360870105043,0.749266
840360870005,360870105045,0.244964
840360870005,360870105042,0.994782
840360870005,360870108011,4.672107
840360870005,360870105044,1.300403
840360870005,360870115091,8.033287
840360470052,360470098001,0.037743
840360470052,360470130001,0.038924
840360470052,360470108012,0.037708
840360470052,360470068004,0.052475
840360470052,360470074003,0.0324
840360470052,360470022001,0.120165
840360470052,360470074002,0.039354
840360470052,360470102002,0.058093
840360470052,360470020002,0.065912
840360470052,360470002001,0.276929
840360470052,360470122004,0.091715
840360470052,360470104012,0.038443
840360470052,360470068002,0.055522
840360470052,360470070002,0.054454
840360470052,360470074001,0.03864
840360470052,360470076003,0.04605
840360470052,360470078004,0.030386
840360470052,360470096003,0.037682
840360470052,360470100002,0.037744
840360470052,360470118001,0.071595
840360470052,360470022003,0.095808
840360470052,360470074004,0.030893
840360470052,360470030002,0.044302
840360470052,360470020001,0.088226
840360470052,360470068001,0.040452
840360470052,360470080002,0.03861
840360470052,360470122001,0.039674
840360470052,360470130004,0.049468
840360470052,360470076002,0.038692
840360470052,360470078003,0.034717
840360470052,360470118003,0.069903
840360470052,360470122003,0.012164
840360470052,360470128011,0.114974
840360470052,360470126002,0.07709
840360470052,360470126001,0.084358
840360470052,360470122002,0.038108
840360470052,360470100003,0.037717
840360470052,360470106012,0.037755
840360470052,360470018041,0.342773
840360470052,360470022004,0.038008
840360470052,360470104011,0.037699
840360470052,360470030001,0.065886
840360470052,360470068003,0.03706
840360470052,360470070001,0.094743
840360470052,360470076001,0.053594
840360470052,360470078001,0.034353
840360470052,360470078002,0.038658
840360470052,360470098002,0.037782
840360470052,360470100004,0.037744
840360470052,360470102003,0.037741
840360470052,360470118002,0.077736
840360470052,360470120001,0.19334200000000001
840360470052,360470130002,0.049141
840360470052,360470126003,0.074534
840360470052,360470098003,0.037756
840360470052,360470106011,0.037679
840360470052,360470100001,0.037765
840360470052,360470018031,0.614381
840360470052,360470102001,0.056616
840360470052,360470080003,0.046158
840360470052,360470098004,0.037725
840360470052,360470022002,0.086065
840360470052,360470034001,0.348109
840360470052,360470072001,0.06249
840360710002,NA,NA
840340030010,340030191033,0.038463
840340030010,340030191022,0.586031
840340030010,340030192032,0.040392
840340030010,340030192041,0.158868
840340030010,340030192021,0.755171
840340030010,340030192042,0.234532
840340030010,340030130021,0.305221
840340030010,340030192033,0.043382
840340030010,340030191043,0.072237
840340030010,340030192031,0.191966
840340030010,340030193032,0.188656
840340030010,340030130024,0.560873
840340030010,340030191042,0.285018
840340030010,340030193051,0.184756
840340030010,340030191034,0.184143
840340030010,340030191044,0.110968
840340030010,340030193052,0.477475
840340030010,340030191031,0.490426
840340030010,340030191021,0.24151
840360610135,360610221021,0.048054
840360610135,360610213033,0.026553
840360610135,360610236005,0.042762
840360610135,360610212003,0.023557
840360610135,360610219003,0.049667
840360610135,360610219001,0.157087
840360610135,360610231002,0.056695
840360610135,360610219004,0.036009
840360610135,360610231004,0.035524
840360610135,360610217031,0.313863
840360610135,360610223011,0.02363
840360610135,360610235015,0.032515
840360610135,360610211002,0.028222
840360610135,360610213031,0.042341
840360610135,360610229004,0.021668
840360610135,360610231001,0.053719
840360610135,360610223020,0
840360610135,360610223014,0.018444
840360610135,360610227001,0.053622
840360610135,360610227003,0.043012
840360610135,360610257001,0.056514
840360610135,360610230003,0.043429
840360610135,360610235021,0.041338
840360610135,360610235011,0.039665
840360610135,360610230002,0.043542
840360610135,360610219002,0.03665
840360610135,360610214002,0.038626
840360610135,360610232003,0.043416
840360610135,360610225002,0.031764
840360610135,360610226003,0.065713
840360610135,360610230001,0.021541
840360610135,360610208001,0.050071
840360610135,360610235012,0.026028
840360610135,360610219000,0
840360610135,360610214001,0.09695
840360610135,360610224001,0.043325
840360610135,360610224002,0.065439
840360610135,360610224003,0.04289
840360610135,360610211005,0.03001
840360610135,360610224004,0.043037
840360610135,360610233001,0.145227
840360610135,360610235014,0.036493
840360610135,360610228003,0.046811
840360610135,360610209011,0.060245
840360610135,360610212004,0.051408
840360610135,360610259001,0.03844
840360610135,360610223022,0.045479
840360610135,360610213034,0.026288
840360610135,360610221022,0.050946
840360610135,360610225004,0.015695
840360610135,360610225003,0.044642
840360610135,360610226001,0.043238
840360610135,360610209012,0.055561
840360610135,360610215002,0.041613
840360610135,360610228004,0.043523
840360610135,360610222001,0.090687
840360610135,360610212001,0.050201
840360610135,360610213032,0.05811
840360610135,360610232002,0.043526
840360610135,360610228001,0.043593
840360610135,360610232001,0.046734
840360610135,360610228002,0.046706
840360610135,360610223010,0
840360610135,360610211004,0.01633
840360610135,360610230005,0.021705
840360610135,360610236004,0.042519
840360610135,360610215001,0.028095
840360610135,360610225005,0.02634
840360610135,360610227002,0.054074
840360610135,360610229001,0.024124
840360610135,360610229003,0.046826
840360610135,360610226002,0.044032
840360610135,360610223021,0.01461
840360610135,360610223013,0.078647
840360610135,360610234002,0.065135
840360610135,360610212002,0.05123
840360610135,360610229002,0.021765
840360610135,360610233002,0.043504
840360610135,360610229005,0.09667
840360610135,360610230004,0.043471
840360610135,360610223012,0.066089
840360610135,360610231003,0.036736
840360610135,360610233003,0.043481
840360610135,360610237001,0.043547
840360610135,360610232004,0.046812
840360610135,360610225001,0.144025
840360610135,360610234001,0.043093
840360610135,360610236001,0.05335
840360610135,360610259002,0.037025
840360610115,360050205021,0.036878
840360610115,360050215013,0.027166
840360610115,360050201002,0.031961
840360610115,360050205014,0.037237
840360610115,360050053002,0.035085
840360610115,360050205012,0.101133
840360610115,360050205022,0.030956
840360610115,360050213022,0.062279
840360610115,360050205013,0.033022
840360610115,360050211002,0.040871
840360610115,360050201001,0.210824
840360610115,360050201003,0.039024
840360610115,360050193003,0.134924
840360610115,360050205023,0.033913
840360610115,360050215025,0.029126
840360610115,360050205011,0.037252
840360610115,360050053001,0.036964
840360610115,360050213012,0.041185
840360610115,360050205015,0.061491
840360610115,360610271004,0.040744
840360610115,360610311000,0
840360610115,360610253005,0.026446
840360610115,360610261005,0.022111
840360610115,360610253003,0.021905
840360610115,360610271003,0.058204
840360610115,360610269001,0.02321
840360610115,360610261004,0.021795
840360610115,360610261006,0.011903
840360610115,360610273004,0.028032
840360610115,360610265004,0.034785
840360610115,360610271001,0.029659
840360610115,360610253002,0.021065
840360610115,360610279003,0.02788
840360610115,360610273002,0.028051
840360610115,360610263001,0.036427
840360610115,360610271005,0.026978
840360610115,360610279005,0.028223
840360610115,360610263004,0.045878
840360610115,360610253001,0.021934
840360610115,360610261002,0.021269
840360610115,360610279001,0.022684
840360610115,360610269004,0.03209
840360610115,360610253006,0.035489
840360610115,360610255002,0.054083
840360610115,360610267001,0.047339
840360610115,360610265003,0.045365
840360610115,360610283001,0.014589
840360610115,360610255004,0.022383
840360610115,360610271002,0.037324
840360610115,360610255003,0.023816
840360610115,360610277001,0.103418
840360610115,360610249001,0.060659
840360610115,360610277002,0.020816
840360610115,360610273003,0.059018
840360610115,360610261001,0.033554
840360610115,360610273001,0.061823
840360610115,360610279004,0.048371
840360610115,360610269006,0.022278
840360610115,360610275001,0.230272
840360610115,360610263005,0.026454
840360610115,360610255001,0.341074
840360610115,360610261007,0.023018
840360610115,360610265005,0.016221
840360610115,360610253004,0.042505
840360610115,360610269005,0.031922
840360610115,360610265001,0.016298
840360610115,360610277004,0.017331
840360610115,360610269003,0.033572
840360610115,360610275002,0.049438
840360610115,360610263003,0.029578
840360610115,360610269002,0.032497
840360610115,360610281001,0.017992
840360610115,360610263002,0.018871
840360610115,360610275000,0
840360610115,360610281002,0.076237
840360610115,360610279007,0.009593
840360610115,360610283002,0.077248
840360610115,360610279002,0.022023
840360610115,360610279006,0.021239
840360610115,360610311001,0.730773
840360610115,360610277003,0.021697
840360610115,360610265002,0.082368
840360610115,360610261003,0.022572
840360470118,360470419002,0.038395
840360470118,360470385001,0.043649
840360470118,360470387001,0.062546
840360470118,360470393002,0.060954
840360470118,360470289004,0.041081
840360470118,360470433001,0.081126
840360470118,360470415003,0.049172
840360470118,360470385003,0.043786
840360470118,360470427001,0.033661
840360470118,360470387003,0.04113
840360470118,360470277001,0.04115
840360470118,360470281003,0.07975
840360470118,360470283002,0.040527
840360470118,360470385002,0.04347
840360470118,360470389002,0.038565
840360470118,360470391002,0.068257
840360470118,360470395003,0.04788
840360470118,360470397003,0.064579
840360470118,360470417001,0.032423
840360470118,360470421002,0.038426
840360470118,360470421004,0.038315
840360470118,360470425002,0.081236
840360470118,360470427004,0.047321
840360470118,360470431001,0.051256
840360470118,360470287001,0.073469
840360470118,360470291001,0.082329
840360470118,360470295004,0.041159
840360470118,360470423003,0.032376
840360470118,360470429004,0.033648
840360470118,360470389001,0.080643
840360470118,360470289002,0.041114
840360470118,360470393001,0.063226
840360470118,360470293004,0.041072
840360470118,360470287003,0.040541
840360470118,360470295001,0.041189
840360470118,360470421001,0.038313
840360470118,360470431004,0.033663
840360470118,360470283001,0.040795
840360470118,360470289003,0.04111
840360470118,360470375002,0.084276
840360470118,360470279002,0.04037
840360470118,360470375003,0.036514
840360470118,360470389003,0.043722
840360470118,360470393003,0.065423
840360470118,360470419003,0.03834
840360470118,360470293001,0.041069
840360470118,360470279003,0.040516
840360470118,360470375001,0.038019
840360470118,360470293003,0.041126
840360470118,360470291002,0.041233
840360470118,360470281001,0.041108
840360470118,360470427002,0.033642
840360470118,360470285011,0.083218
840360470118,360470279001,0.040558
840360470118,360470281002,0.04108
840360470118,360470283003,0.040554
840360470118,360470387002,0.043508
840360470118,360470391001,0.097916
840360470118,360470395002,0.070695
840360470118,360470397002,0.047331
840360470118,360470399003,0.039715
840360470118,360470399002,0.062844
840360470118,360470417003,0.035771
840360470118,360470417002,0.036151
840360470118,360470419001,0.076278
840360470118,360470425001,0.032442
840360470118,360470425003,0.054169
840360470118,360470287002,0.034801
840360470118,360470293002,0.041193
840360470118,360470429001,0.067295
840360470118,360470431003,0.033629
840360470118,360470429003,0.033603
840360470118,360470279004,0.04048
840360470118,360470291003,0.041082
840360470118,360470417004,0.036797
840360470118,360470387004,0.041091
840360470118,360470289001,0.042434
840360470118,360470395001,0.041145
840360470118,360470383001,0.04365
840360470118,360470431002,0.049659
840360470118,360470423002,0.071086
840360470118,360470385004,0.043538
840360470118,360470423001,0.078769
840360470118,360470285021,0.119859
840360470118,360470421003,0.038314
840360470118,360470427003,0.033641
840360470118,360470429002,0.033588
840360050080,360050181012,0.015612
840360050080,360050221013,0.02447
840360050080,360050209001,0.055352
840360050080,360050173002,0.026115
840360050080,360050199002,0.01863
840360050080,360050197003,0.046331
840360050080,360050221011,0.018125
840360050080,360050213021,0.05357
840360050080,360050225001,0.018635
840360050080,360050225004,0.047291
840360050080,360050201002,0.031961
840360050080,360050199003,0.026003
840360050080,360050227021,0.047372
840360050080,360050197002,0.045786
840360050080,360050175004,0.040628
840360050080,360050181021,0.031207
840360050080,360050221012,0.025524
840360050080,360050221022,0.015141
840360050080,360050175006,0.013207
840360050080,360050183013,0.02148
840360050080,360050193002,0.02899
840360050080,360050195004,0.030828
840360050080,360050205012,0.101133
840360050080,360050221023,0.030633
840360050080,360050223004,0.02869
840360050080,360050181023,0.014292
840360050080,360050175001,0.024334
840360050080,360050179022,0.015223
840360050080,360050177021,0.02282
840360050080,360050183023,0.02561
840360050080,360050197004,0.014372
840360050080,360050211003,0.042251
840360050080,360050179012,0.008063
840360050080,360050183011,0.029027
840360050080,360050209004,0.03514
840360050080,360050183012,0.017367
840360050080,360050225005,0.013529
840360050080,360050225002,0.047014
840360050080,360050179013,0.026665
840360050080,360050211004,0.028587
840360050080,360050193001,0.033157
840360050080,360050209003,0.020252
840360050080,360050195002,0.116866
840360050080,360050181024,0.021772
840360050080,360050209002,0.021723
840360050080,360050225006,0.027721
840360050080,360050177024,0.023906
840360050080,360050173001,0.048882
840360050080,360050213022,0.062279
840360050080,360050199005,0.018153
840360050080,360050223003,0.020675
840360050080,360050213024,0.027624
840360050080,360050211002,0.040871
840360050080,360050201001,0.210824
840360050080,360050201003,0.039024
840360050080,360050183021,0.029514
840360050080,360050199001,0.02324
840360050080,360050199004,0.049773
840360050080,360050193003,0.134924
840360050080,360050195001,0.050913
840360050080,360050213023,0.025793
840360050080,360050219001,0.142939
840360050080,360050211001,0.039958
840360050080,360050197001,0.029094
840360050080,360050193004,0.044216
840360050080,360050221021,0.032519
840360050080,360050171001,0.174588
840360050080,360050177011,0.04609
840360050080,360050181013,0.014923
840360050080,360050189002,0.045778
840360050080,360050195003,0.021237
840360050080,360050199006,0.041289
840360050080,360050223001,0.022523
840360050080,360050179021,0.046625
840360050080,360050183022,0.057162
840360050080,360050179011,0.041995
840360050080,360050175005,0.011796
840360050080,360050181022,0.02911
840360050080,360050175002,0.023694
840360050080,360050189004,0.049037
840360050080,360050181011,0.046691
840360050080,360050205011,0.037252
840360050080,360050189001,0.21009
840360050080,360050213012,0.041185
840360050080,360050189003,0.050665
840360050080,360050197005,0.012505
840360050080,360050175003,0.037934
840360050080,360050225003,0.025832
840360050080,360050213011,0.020868
840360050080,360050179023,0.015696
840360050080,360050063021,0.262936
840360050080,360050205015,0.061491
840360050080,360050177023,0.046553
840360050080,360050223002,0.020877
840360050080,360050177013,0.04455
840360050080,360050217001,0.069533
840360050080,360610311000,0
840360050080,360610243020,0
840360050080,360610311001,0.730773
840360050110,360050075003,0.035972
840360050110,360050093022,0.893176
840360050110,360050093014,0.107526
840360050110,360050131004,0.040398
840360050110,360050089001,0.060574
840360050110,360050033001,0.078317
840360050110,360050079002,0.023
840360050110,360050031001,0.154703
840360050110,360050129012,0.076789
840360050110,360050035003,0.040224
840360050110,360050079004,0.051666
840360050110,360050085004,0.015443
840360050110,360050133004,0.025093
840360050110,360050185024,0.070247
840360050110,360050079001,0.053848
840360050110,360050075002,0.109062
840360050110,360050131002,0.070577
840360050110,360050089002,0.049717
840360050110,360050159002,0.039969
840360050110,360050093013,0.104757
840360050110,360050135002,0.061415
840360050110,360050083006,0.053986
840360050110,360050083001,0.036194
840360050110,360050141003,0.07404
840360050110,360050075004,0.024435
840360050110,360050083005,0.019593
840360050110,360050037001,0.165973
840360050110,360050079005,0.011577
840360050110,360050131003,0.055034
840360050110,360050141002,0.047192
840360050110,360050071001,0.05364
840360050110,360050035002,0.017641
840360050110,360050073002,0.026196
840360050110,360050085002,0.05432
840360050110,360050085003,0.045353
840360050110,360050133003,0.018479
840360050110,360050185023,0.041059
840360050110,360050159001,0.063632
840360050110,360050075001,0.058153
840360050110,360050093015,0.089185
840360050110,360050093012,0.062407
840360050110,360050133001,0.052079
840360050110,360050085001,0.049332
840360050110,360050073001,0.05153
840360050110,360050133002,0.065519
840360050110,360050077001,0.112816
840360050110,360050087002,0.039038
840360050110,360050043001,0.046629
840360050110,360050087001,0.108388
840360050110,360050083003,0.034868
840360050110,360050083002,0.027849
840360050110,360050079006,0.031241
840360050110,360050085005,0.017208
840360050110,360050087004,0.018316
840360050110,360050079003,0.026602
840360050110,360050087003,0.026936
840360050110,360050129011,0.079585
840360050110,360050087005,0.020896
840360050110,360050071002,0.210622
840360050110,360050019032,0.745115
840360050110,360050083004,0.041442
840360050110,360050035001,0.08414
840360050110,360050073003,0.062435
840360810120,360810489002,0.043902
840360810120,360810669001,0.091909
840360810120,360810511002,0.101481
840360810120,360810499004,0.123929
840360810120,360810511001,0.172426
840360810120,360810515001,0.05483
840360810120,360810493011,0.084386
840360810120,360810493021,0.101579
840360810120,360810667012,0.115747
840360810120,360810499001,0.030488
840360810120,360810499002,0.173278
840360810120,360810489001,0.318104
840360810120,360810517002,0.083699
840360810120,360810521001,0.061257
840360810120,360810507002,0.147243
840360810120,360810497001,0.111758
840360810120,360810531002,0.051446
840360810120,360810495001,0.129036
840360810120,360810229001,1.340604
840360810120,360810663021,0.244844
840360810120,360810507001,0.224974
840360810120,360810493022,0.167774
840360810120,360810665011,0.084483
840360810120,360810669002,0.068185
840360810120,360810521002,0.129012
840360810120,360810243003,0.118862
840360810120,360810667011,0.136886
840360810120,360810513002,0.084098
840360810120,360810517001,0.17048
840360810120,360810599001,0.057539
840360810120,360810607011,0.712989
840360810120,360810515002,0.070584
840360810120,360810513001,0.109438
840360810120,360810671001,0.106772
840360810120,360810665014,0.060053
840360810120,360810665013,0.0935
840360810120,360810493012,0.079751
840360810120,360810515003,0.098951
840360810120,360810479001,0.167343
840360810120,360810497002,0.085811
840360050112,360050093011,0.071362
840360050112,360050123006,0.110927
840360050112,360050093022,0.893176
840360050112,360050093014,0.107526
840360050112,360050117011,0.086067
840360050112,360050089001,0.060574
840360050112,360050119003,0.017103
840360050112,360050024000,0
840360050112,360050085004,0.015443
840360050112,360050115023,0.088039
840360050112,360050119005,0.033834
840360050112,360050093016,0.135531
840360050112,360050028004,0.037864
840360050112,360050093021,0.870256
840360050112,360050089002,0.049717
840360050112,360050159002,0.039969
840360050112,360050093013,0.104757
840360050112,360050083006,0.053986
840360050112,360050119001,0.056548
840360050112,360050119004,0.017987
840360050112,360050028003,0.038424
840360050112,360050028001,0.261929
840360050112,360050085002,0.05432
840360050112,360050052001,0.158791
840360050112,360050159001,0.063632
840360050112,360050117021,1.136797
840360050112,360050093015,0.089185
840360050112,360050093012,0.062407
840360050112,360050085001,0.049332
840360050112,360050087002,0.039038
840360050112,360050115022,0.0431
840360050112,360050119002,0.041527
840360050112,360050087001,0.108388
840360050112,360050085005,0.017208
840360050112,360050087004,0.018316
840360050112,360050024001,0.691445
840360050112,360050087003,0.026936
840360050112,360050115021,0.205156
840360050112,360050117020,0
840360050112,360050117012,0.135623
840360050112,360050093020,0
840360810124,360810837002,0.083107
840360810124,360810837003,0.096386
840360810124,360810799002,0.129753
840360810124,360810809002,0.056862
840360810124,360810809004,0.097516
840360810124,360811227024,0.078502
840360810124,360810837005,0.249668
840360810124,360810799001,0.157354
840360810124,360811215002,0.124338
840360810124,360810779061,0.133393
840360810124,360810779025,0.063434
840360810124,360810803021,0.141035
840360810124,360810809001,0.133416
840360810124,360810779062,0.155682
840360810124,360810837004,0.170889
840360810124,360810837001,0.180731
840360810124,360810803023,0.148379
840360810124,360810803012,0.11688
840360810124,360810803022,0.149214
840360810124,360810809006,0.101528
840360810124,360810809007,0.466752
840360810124,360810383021,4.48128
840360810124,360810793001,0.87407
840360810124,360810809005,0.083399
840360810124,360811227023,0.113859
840360810124,360811227025,0.072885
840360810124,360810803013,0.10853
840360810124,360811227022,0.072543
840360810124,360810779021,0.067673
840360810124,360811215003,0.139847
840360810124,360810809003,0.06177
840361192004,361190109021,0.472638
840361192004,361190089011,0.499772
840361192004,361190089014,0.175242
840361192004,361190123011,1.109349
840361192004,361190089013,0.267756
840361192004,361190109022,0.790806
840361192004,361190123012,2.744076
840361192004,361190109024,0.942347
840361192004,361190089021,0.680865
840361192004,361190090002,1.033913
840361192004,361190089022,2.326776
840361192004,361190089023,0.322356
840090011123,NA,NA
840090010010,NA,NA
840361030009,361031586061,1.949237
840361030009,361031586071,0.624929
840361030009,361031586062,1.195251
840361030009,361031586052,0.832833
840361030009,361031586053,1.147743
840361030009,361031585143,1.131995
840361030009,361031585141,0.594035
840361030009,361031586051,2.75384
840090090027,NA,NA
840090110124,NA,NA
840340171003,340170072001,0.234152
840340171003,340170031021,0.107897
840340171003,340170064002,0.045352
840340171003,340170024003,0.070353
840340171003,340170070012,0.077912
840340171003,340170020022,0.111092
840340171003,340170014002,0.092787
840340171003,340170031011,0.022824
840340171003,340170022001,0.053107
840340171003,340170071002,0.177591
840340171003,340170035002,0.031588
840340171003,340170066001,0.346099
840340171003,340170078001,0.561162
840340171003,340170014001,0.141715
840340171003,340170022002,0.096369
840340171003,340170077011,0.306002
840340171003,340170072002,0.064238
840340171003,340170023001,0.067312
840340171003,340170035001,0.057784
840340171003,340170070022,0.047421
840340171003,340170030001,0.111025
840340171003,340170071001,0.095719
840340171003,340170024002,0.021584
840340171003,340170067001,0.424018
840340171003,340170064003,0.090206
840340171003,340170070021,0.082727
840340171003,340170067003,0.117229
840340171003,340170019002,0.121741
840340171003,340170073002,0.553255
840340171003,340170064001,0.082546
840340171003,340170065002,0.1915
840340171003,340170065001,0.181621
840340171003,340170071003,0.066733
840340171003,340170012021,0.231662
840340171003,340170023002,0.077488
840340171003,340170067002,0.028694
840340171003,340170070011,0.043867
840340171003,340170024001,0.067796
840340171003,340170031012,0.046502
840340171003,340170076012,0.115431
